--create database Grupo5
use Grupo5;


drop table Categorias;
drop table Clientes;
drop table Ordenes;
drop table OrdenDetalles;
drop table Productos;

CREATE TABLE Clientes (
    CustomerID   int  NOT NULL,
    FirstName  nvarchar(200) NULL,
	LastName  nvarchar(200) NULL,
	Correo	  nvarchar(200) NULL , 
    Country     nvarchar(100) NULL,
    Phone       nvarchar(24) NULL,
    PRIMARY KEY (CustomerID)
);
	
create table Store (
	StoreID int not null,
	nameStore nvarchar(200) not null unique,
	adress nvarchar(200) null,
	PRIMARY KEY (StoreID)
);

CREATE TABLE Ordenes (
    OrderID       int     NOT NULL,
    CustomerID    int     NULL,
    OrderDate     datetime     NULL,
    StoreID		  int NULL,
    PRIMARY KEY (OrderID),
    FOREIGN KEY (CustomerID) REFERENCES Clientes(CustomerID),
	FOREIGN KEY (StoreID) REFERENCES Store(StoreID)
);

CREATE TABLE Categorias (
    CategoryID   int          NOT NULL,
    CategoryName nvarchar(200) NOT NULL,
	Detail nvarchar(200) NOT NULL,
    PRIMARY KEY (CategoryID)
);

CREATE TABLE Productos (
    ProductID   int          NOT NULL,
    ProductName nvarchar(40) NOT NULL,
    CategoryID  int          NULL,
    UnitPriceCost   decimal(10,2) NULL,
    UnitsInStock smallint     NULL,
    PRIMARY KEY (ProductID),
	FOREIGN KEY (CategoryID) REFERENCES Categorias(CategoryID)
);

CREATE TABLE OrdenDetalles(
    OrderDetailID int          NOT NULL,
    OrderID       int          NULL,
    ProductID     int          NULL,
    Quantity      int          NULL,
    UnitPriceSell decimal(10,2) not NULL,
	igv			  decimal(10,2) not NULL,
    PRIMARY KEY (OrderDetailID),
    FOREIGN KEY (OrderID) REFERENCES Ordenes(OrderID),
	FOREIGN KEY (ProductID) REFERENCES Productos(ProductID)
);
/**INSERCIONES**/
--insert clientes
INSERT INTO Clientes
values ( 1, 'Jose', 'Martinez', 'jmartinez@gmail.com', 'Perú', '945657809'),
       ( 2, 'Maria', 'Zavaleta', 'mzavaletag@gmail.com', 'Perú', '946654809'),
       ( 3, 'Carlos', 'Rosales', 'crosales4@gmail.com', 'Perú', '955627709'),
       ( 4, 'Sara', 'Gutierrez', 'sgutierrezs@gmail.com', 'Perú', '945355809'),
       ( 5, 'Raul', 'Gonzales', 'rgonzales@gmail.com', 'Perú', '943454809'),
       ( 6, 'Jorge', 'Vela', 'jvelao@gmail.com', 'Perú', '955457704'),
       ( 7, 'Luis', 'Rodriguez', 'lrodriguez@gmail.com', 'Perú', '935556809'),
       ( 8, 'Carla', 'Fernandez', 'cfernandez@gmail.com', 'Perú', '945480409'),
       ( 9, 'Manuel', 'Linares', 'mlinares5@gmail.com', 'Perú', '945656703'),
       ( 10, 'Laura', 'Gomez', 'lgomez@gmail.com', 'Perú', '958656702')


--insercion tiendas
INSERT INTO Store
values (15088, 'Tienda_SanMiguel', 'Av. La Mar 2350'),
       (07001, 'Tienda_Callao', 'Av. Argentina 3093'),
       (15073, 'Tienda_SanIsidro', 'Av.Javier Prado Oeste 1007'),
	   (15012, 'Tienda_LaMolina', 'Av. La Molina 1011'),
	   (15086, 'Tienda_Magdalena', 'Jiron Arequipa 256'),
	   (15039, 'Tienda_SantiagoSurco', 'Av. Tomas Marsano 4810'),
	   (15074, 'Tienda_Miraflores', 'Av. Jose Pardo 362'),
	   (15036, 'Tienda_SanBorja', 'Av.Aviacion 2791'),
	   (15084, 'Tienda_PuebloLibre', 'Av. Simon Bolivar 1402'),
	   (15048, 'Tienda_Surquillo', 'Av. Angamos Este 1555')


--insercion categorias
insert into dbo.categorias values (1,'Lager Pilsen','cervezas rubias elaboradas con maltas claras como la Malta Pilsner o la Premium Pilsner');
insert into dbo.categorias values (2,'Lager Especial','cervezas rubias, doradas como las pilsen pero con reflejos más ámbar. Tienen aromas malteados, ligeramente tostados con notas a lúpulo. Son cervezas muy cremosas');
insert into dbo.categorias values (3,'Lager extra','con la graduación de alcohol más alta (entre 6 y 7%). Tienen un color cobrizo, proveniente de la malta tostada. Su aroma es más intenso, con un cuerpo y espuma bastante fuertes');
insert into dbo.categorias values (4,'Pale Ale','muy lupuladas y de intenso sabor (algunas pueden llegar a ser bastante amargas)');
insert into dbo.categorias values (5,'Negras','muy oscuras hechas con malta tostada.');
insert into dbo.categorias values (6,'Ales belgas','de carácter fuerte con una segunda fermentación en botella. Son cervezas afrutadas, con colores que oscilan entre el bronce y el marrón oscuro');
insert into dbo.categorias values (7,'Ale Alemanas','de color pálido con la particularidad de madurar en frío. Cervezas suaves y afrutadas');
insert into dbo.categorias values (8,'Abadia','de color bronceado con una espuma ligeramente tostada y con mucha persistencia');

--insercion ordenes
insert into dbo.ordenes values (1011,4,'2021-01-01',7001);
insert into dbo.ordenes values (1012,18,'2021-01-02',15012);
insert into dbo.ordenes values (1013,10,'2021-01-03',15036);
insert into dbo.ordenes values (1014,3,'2021-01-04',15039);
insert into dbo.ordenes values (1015,10,'2021-01-05',15048);
insert into dbo.ordenes values (1016,1,'2021-01-06',15073);
insert into dbo.ordenes values (1017,2,'2021-01-07',15074);
insert into dbo.ordenes values (1018,11,'2021-01-08',15084);
insert into dbo.ordenes values (1019,7,'2021-01-09',15086);
insert into dbo.ordenes values (1020,2,'2021-01-10',15088);
insert into dbo.ordenes values (1021,16,'2021-01-11',7001);
insert into dbo.ordenes values (1022,16,'2021-01-12',15012);
insert into dbo.ordenes values (1023,8,'2021-01-13',15036);
insert into dbo.ordenes values (1024,16,'2021-01-14',15039);
insert into dbo.ordenes values (1025,15,'2021-01-15',15048);
insert into dbo.ordenes values (1026,17,'2021-01-16',15073);
insert into dbo.ordenes values (1027,1,'2021-01-17',15074);
insert into dbo.ordenes values (1028,3,'2021-01-18',15084);
insert into dbo.ordenes values (1029,10,'2021-01-19',15086);
insert into dbo.ordenes values (1030,20,'2021-01-20',15088);
insert into dbo.ordenes values (1031,9,'2021-01-21',7001);
insert into dbo.ordenes values (1032,1,'2021-01-22',15012);
insert into dbo.ordenes values (1033,20,'2021-01-23',15036);
insert into dbo.ordenes values (1034,5,'2021-01-24',15039);
insert into dbo.ordenes values (1035,7,'2021-01-25',15048);
insert into dbo.ordenes values (1036,8,'2021-01-26',15073);
insert into dbo.ordenes values (1037,6,'2021-01-27',15074);
insert into dbo.ordenes values (1038,6,'2021-01-28',15084);
insert into dbo.ordenes values (1039,15,'2021-01-29',15086);
insert into dbo.ordenes values (1040,8,'2021-01-30',15088);
insert into dbo.ordenes values (1041,5,'2021-01-31',7001);
insert into dbo.ordenes values (1042,11,'2021-02-01',7001);
insert into dbo.ordenes values (1043,12,'2021-02-02',15012);
insert into dbo.ordenes values (1044,20,'2021-02-03',15036);
insert into dbo.ordenes values (1045,1,'2021-02-04',15039);
insert into dbo.ordenes values (1046,7,'2021-02-05',15048);
insert into dbo.ordenes values (1047,9,'2021-02-06',15073);
insert into dbo.ordenes values (1048,17,'2021-02-07',15074);
insert into dbo.ordenes values (1049,15,'2021-02-08',15084);
insert into dbo.ordenes values (1050,10,'2021-02-09',15086);
insert into dbo.ordenes values (1051,7,'2021-02-10',15088);
insert into dbo.ordenes values (1052,16,'2021-02-11',7001);
insert into dbo.ordenes values (1053,19,'2021-02-12',15012);
insert into dbo.ordenes values (1054,5,'2021-02-13',15036);
insert into dbo.ordenes values (1055,3,'2021-02-14',15039);
insert into dbo.ordenes values (1056,13,'2021-02-15',15048);
insert into dbo.ordenes values (1057,18,'2021-02-16',15073);
insert into dbo.ordenes values (1058,5,'2021-02-17',15074);
insert into dbo.ordenes values (1059,4,'2021-02-18',15084);
insert into dbo.ordenes values (1060,3,'2021-02-19',15086);
insert into dbo.ordenes values (1061,5,'2021-02-20',15088);
insert into dbo.ordenes values (1062,7,'2021-02-21',7001);
insert into dbo.ordenes values (1063,3,'2021-02-22',15012);
insert into dbo.ordenes values (1064,8,'2021-02-23',15036);
insert into dbo.ordenes values (1065,6,'2021-02-24',15039);
insert into dbo.ordenes values (1066,14,'2021-02-25',15048);
insert into dbo.ordenes values (1067,15,'2021-02-26',15073);
insert into dbo.ordenes values (1068,3,'2021-02-27',15074);
insert into dbo.ordenes values (1069,7,'2021-02-28',15084);
insert into dbo.ordenes values (1070,9,'2021-03-01',15086);
insert into dbo.ordenes values (1071,17,'2021-03-02',15088);
insert into dbo.ordenes values (1072,2,'2021-03-03',7001);
insert into dbo.ordenes values (1073,18,'2021-03-04',15012);
insert into dbo.ordenes values (1074,7,'2021-03-05',15036);
insert into dbo.ordenes values (1075,8,'2021-03-06',15039);
insert into dbo.ordenes values (1076,1,'2021-03-07',15048);
insert into dbo.ordenes values (1077,17,'2021-03-08',15073);
insert into dbo.ordenes values (1078,6,'2021-03-09',15074);
insert into dbo.ordenes values (1079,7,'2021-03-10',15084);
insert into dbo.ordenes values (1080,13,'2021-03-11',15086);
insert into dbo.ordenes values (1081,14,'2021-03-12',15088);
insert into dbo.ordenes values (1082,13,'2021-03-13',7001);
insert into dbo.ordenes values (1083,9,'2021-03-14',15012);
insert into dbo.ordenes values (1084,17,'2021-03-15',15036);
insert into dbo.ordenes values (1085,11,'2021-03-16',15039);
insert into dbo.ordenes values (1086,4,'2021-03-17',15048);
insert into dbo.ordenes values (1087,1,'2021-03-18',15073);
insert into dbo.ordenes values (1088,20,'2021-03-19',15074);
insert into dbo.ordenes values (1089,1,'2021-03-20',15084);
insert into dbo.ordenes values (1090,2,'2021-03-21',15086);
insert into dbo.ordenes values (1091,16,'2021-03-22',15088);
insert into dbo.ordenes values (1092,13,'2021-03-23',7001);
insert into dbo.ordenes values (1093,9,'2021-03-24',7001);
insert into dbo.ordenes values (1094,8,'2021-03-25',15012);
insert into dbo.ordenes values (1095,14,'2021-03-26',15036);
insert into dbo.ordenes values (1096,2,'2021-03-27',15039);
insert into dbo.ordenes values (1097,9,'2021-03-28',15048);
insert into dbo.ordenes values (1098,14,'2021-03-29',15073);
insert into dbo.ordenes values (1099,3,'2021-03-30',15074);
insert into dbo.ordenes values (1100,16,'2021-03-31',15084);
insert into dbo.ordenes values (1101,17,'2021-04-01',15086);
insert into dbo.ordenes values (1102,12,'2021-04-02',15088);
insert into dbo.ordenes values (1103,18,'2021-04-03',7001);
insert into dbo.ordenes values (1104,7,'2021-04-04',15012);
insert into dbo.ordenes values (1105,8,'2021-04-05',15036);
insert into dbo.ordenes values (1106,11,'2021-04-06',15039);
insert into dbo.ordenes values (1107,7,'2021-04-07',15048);
insert into dbo.ordenes values (1108,16,'2021-04-08',15073);
insert into dbo.ordenes values (1109,18,'2021-04-09',15074);
insert into dbo.ordenes values (1110,9,'2021-04-10',15084);
insert into dbo.ordenes values (1111,19,'2021-04-11',15086);
insert into dbo.ordenes values (1112,12,'2021-04-12',15088);
insert into dbo.ordenes values (1113,3,'2021-04-13',7001);
insert into dbo.ordenes values (1114,6,'2021-04-14',15012);
insert into dbo.ordenes values (1115,5,'2021-04-15',15036);
insert into dbo.ordenes values (1116,1,'2021-04-16',15039);
insert into dbo.ordenes values (1117,14,'2021-04-17',15048);
insert into dbo.ordenes values (1118,13,'2021-04-18',15073);
insert into dbo.ordenes values (1119,14,'2021-04-19',15074);
insert into dbo.ordenes values (1120,12,'2021-04-20',15084);
insert into dbo.ordenes values (1121,1,'2021-04-21',15086);
insert into dbo.ordenes values (1122,18,'2021-04-22',15088);
insert into dbo.ordenes values (1123,5,'2021-04-23',7001);
insert into dbo.ordenes values (1124,16,'2021-04-24',15012);
insert into dbo.ordenes values (1125,18,'2021-04-25',15036);
insert into dbo.ordenes values (1126,19,'2021-04-26',15039);
insert into dbo.ordenes values (1127,19,'2021-04-27',15048);
insert into dbo.ordenes values (1128,19,'2021-04-28',15073);
insert into dbo.ordenes values (1129,5,'2021-04-29',15074);
insert into dbo.ordenes values (1130,1,'2021-04-30',15084);
insert into dbo.ordenes values (1131,7,'2021-05-01',15086);
insert into dbo.ordenes values (1132,20,'2021-05-02',15088);
insert into dbo.ordenes values (1133,4,'2021-05-03',7001);
insert into dbo.ordenes values (1134,8,'2021-05-04',15012);
insert into dbo.ordenes values (1135,9,'2021-05-05',15036);
insert into dbo.ordenes values (1136,3,'2021-05-06',15039);
insert into dbo.ordenes values (1137,14,'2021-05-07',15048);
insert into dbo.ordenes values (1138,18,'2021-05-08',15073);
insert into dbo.ordenes values (1139,13,'2021-05-09',15074);
insert into dbo.ordenes values (1140,4,'2021-05-10',15084);
insert into dbo.ordenes values (1141,17,'2021-05-11',15086);
insert into dbo.ordenes values (1142,5,'2021-05-12',15088);
insert into dbo.ordenes values (1143,13,'2021-05-13',7001);
insert into dbo.ordenes values (1144,7,'2021-05-14',7001);
insert into dbo.ordenes values (1145,15,'2021-05-15',15012);
insert into dbo.ordenes values (1146,12,'2021-05-16',15036);
insert into dbo.ordenes values (1147,11,'2021-05-17',15039);
insert into dbo.ordenes values (1148,1,'2021-05-18',15048);
insert into dbo.ordenes values (1149,13,'2021-05-19',15073);
insert into dbo.ordenes values (1150,18,'2021-05-20',15074);
insert into dbo.ordenes values (1151,16,'2021-05-21',15084);
insert into dbo.ordenes values (1152,1,'2021-05-22',15086);
insert into dbo.ordenes values (1153,4,'2021-05-23',15088);
insert into dbo.ordenes values (1154,11,'2021-05-24',7001);
insert into dbo.ordenes values (1155,17,'2021-05-25',15012);
insert into dbo.ordenes values (1156,20,'2021-05-26',15036);
insert into dbo.ordenes values (1157,15,'2021-05-27',15039);
insert into dbo.ordenes values (1158,12,'2021-05-28',15048);
insert into dbo.ordenes values (1159,7,'2021-05-29',15073);
insert into dbo.ordenes values (1160,20,'2021-05-30',15074);
insert into dbo.ordenes values (1161,13,'2021-05-31',15084);
insert into dbo.ordenes values (1162,4,'2021-06-01',15086);
insert into dbo.ordenes values (1163,13,'2021-06-02',15088);
insert into dbo.ordenes values (1164,20,'2021-06-03',7001);
insert into dbo.ordenes values (1165,17,'2021-06-04',15012);
insert into dbo.ordenes values (1166,16,'2021-06-05',15036);
insert into dbo.ordenes values (1167,16,'2021-06-06',15039);
insert into dbo.ordenes values (1168,6,'2021-06-07',15048);
insert into dbo.ordenes values (1169,12,'2021-06-08',15073);
insert into dbo.ordenes values (1170,6,'2021-06-09',15074);
insert into dbo.ordenes values (1171,15,'2021-06-10',15084);
insert into dbo.ordenes values (1172,16,'2021-06-11',15086);
insert into dbo.ordenes values (1173,6,'2021-06-12',15088);
insert into dbo.ordenes values (1174,14,'2021-06-13',7001);
insert into dbo.ordenes values (1175,16,'2021-06-14',15012);
insert into dbo.ordenes values (1176,19,'2021-06-15',15036);
insert into dbo.ordenes values (1177,3,'2021-06-16',15039);
insert into dbo.ordenes values (1178,2,'2021-06-17',15048);
insert into dbo.ordenes values (1179,5,'2021-06-18',15073);
insert into dbo.ordenes values (1180,12,'2021-06-19',15074);
insert into dbo.ordenes values (1181,17,'2021-06-20',15084);
insert into dbo.ordenes values (1182,15,'2021-06-21',15086);
insert into dbo.ordenes values (1183,2,'2021-06-22',15088);
insert into dbo.ordenes values (1184,19,'2021-06-23',7001);
insert into dbo.ordenes values (1185,19,'2021-06-24',15012);
insert into dbo.ordenes values (1186,1,'2021-06-25',15036);
insert into dbo.ordenes values (1187,6,'2021-06-26',15039);
insert into dbo.ordenes values (1188,17,'2021-06-27',15048);
insert into dbo.ordenes values (1189,2,'2021-06-28',15073);
insert into dbo.ordenes values (1190,13,'2021-06-29',15074);
insert into dbo.ordenes values (1191,1,'2021-06-30',15084);
insert into dbo.ordenes values (1192,15,'2021-07-01',15086);
insert into dbo.ordenes values (1193,9,'2021-07-02',15088);
insert into dbo.ordenes values (1194,14,'2021-07-03',7001);
insert into dbo.ordenes values (1195,2,'2021-07-04',7001);
insert into dbo.ordenes values (1196,7,'2021-07-05',15012);
insert into dbo.ordenes values (1197,3,'2021-07-06',15036);
insert into dbo.ordenes values (1198,12,'2021-07-07',15039);
insert into dbo.ordenes values (1199,10,'2021-07-08',15048);
insert into dbo.ordenes values (1200,9,'2021-07-09',15073);
insert into dbo.ordenes values (1201,6,'2021-07-10',15074);
insert into dbo.ordenes values (1202,15,'2021-07-11',15084);
insert into dbo.ordenes values (1203,13,'2021-07-12',15086);
insert into dbo.ordenes values (1204,2,'2021-07-13',15088);
insert into dbo.ordenes values (1205,13,'2021-07-14',7001);
insert into dbo.ordenes values (1206,13,'2021-07-15',15012);
insert into dbo.ordenes values (1207,13,'2021-07-16',15036);
insert into dbo.ordenes values (1208,14,'2021-07-17',15039);
insert into dbo.ordenes values (1209,9,'2021-07-18',15048);
insert into dbo.ordenes values (1210,4,'2021-07-19',15073);
insert into dbo.ordenes values (1211,20,'2021-07-20',15074);
insert into dbo.ordenes values (1212,4,'2021-07-21',15084);
insert into dbo.ordenes values (1213,18,'2021-07-22',15086);
insert into dbo.ordenes values (1214,10,'2021-07-23',15088);
insert into dbo.ordenes values (1215,1,'2021-07-24',7001);
insert into dbo.ordenes values (1216,9,'2021-07-25',15012);
insert into dbo.ordenes values (1217,16,'2021-07-26',15036);
insert into dbo.ordenes values (1218,10,'2021-07-27',15039);
insert into dbo.ordenes values (1219,16,'2021-07-28',15048);
insert into dbo.ordenes values (1220,3,'2021-07-29',15073);
insert into dbo.ordenes values (1221,16,'2021-07-30',15074);
insert into dbo.ordenes values (1222,9,'2021-07-31',15084);
insert into dbo.ordenes values (1223,17,'2021-08-01',15086);
insert into dbo.ordenes values (1224,4,'2021-08-02',15088);
insert into dbo.ordenes values (1225,11,'2021-08-03',7001);
insert into dbo.ordenes values (1226,6,'2021-08-04',15012);
insert into dbo.ordenes values (1227,18,'2021-08-05',15036);
insert into dbo.ordenes values (1228,20,'2021-08-06',15039);
insert into dbo.ordenes values (1229,16,'2021-08-07',15048);
insert into dbo.ordenes values (1230,4,'2021-08-08',15073);
insert into dbo.ordenes values (1231,13,'2021-08-09',15074);
insert into dbo.ordenes values (1232,6,'2021-08-10',15084);
insert into dbo.ordenes values (1233,7,'2021-08-11',15086);
insert into dbo.ordenes values (1234,1,'2021-08-12',15088);
insert into dbo.ordenes values (1235,4,'2021-08-13',7001);
insert into dbo.ordenes values (1236,6,'2021-08-14',15012);
insert into dbo.ordenes values (1237,16,'2021-08-15',15036);
insert into dbo.ordenes values (1238,15,'2021-08-16',15039);
insert into dbo.ordenes values (1239,18,'2021-08-17',15048);
insert into dbo.ordenes values (1240,20,'2021-08-18',15073);
insert into dbo.ordenes values (1241,4,'2021-08-19',15074);
insert into dbo.ordenes values (1242,1,'2021-08-20',15084);
insert into dbo.ordenes values (1243,10,'2021-08-21',15086);
insert into dbo.ordenes values (1244,13,'2021-08-22',15088);
insert into dbo.ordenes values (1245,15,'2021-08-23',7001);
insert into dbo.ordenes values (1246,14,'2021-08-24',7001);
insert into dbo.ordenes values (1247,3,'2021-08-25',15012);
insert into dbo.ordenes values (1248,6,'2021-08-26',15036);
insert into dbo.ordenes values (1249,11,'2021-08-27',15039);
insert into dbo.ordenes values (1250,1,'2021-08-28',15048);
insert into dbo.ordenes values (1251,19,'2021-08-29',15073);
insert into dbo.ordenes values (1252,15,'2021-08-30',15074);
insert into dbo.ordenes values (1253,4,'2021-08-31',15084);
insert into dbo.ordenes values (1254,1,'2021-09-01',15086);
insert into dbo.ordenes values (1255,8,'2021-09-02',15088);
insert into dbo.ordenes values (1256,15,'2021-09-03',7001);
insert into dbo.ordenes values (1257,14,'2021-09-04',15012);
insert into dbo.ordenes values (1258,17,'2021-09-05',15036);
insert into dbo.ordenes values (1259,6,'2021-09-06',15039);
insert into dbo.ordenes values (1260,10,'2021-09-07',15048);
insert into dbo.ordenes values (1261,5,'2021-09-08',15073);
insert into dbo.ordenes values (1262,9,'2021-09-09',15074);
insert into dbo.ordenes values (1263,2,'2021-09-10',15084);
insert into dbo.ordenes values (1264,14,'2021-09-11',15086);
insert into dbo.ordenes values (1265,6,'2021-09-12',15088);
insert into dbo.ordenes values (1266,15,'2021-09-13',7001);
insert into dbo.ordenes values (1267,18,'2021-09-14',15012);
insert into dbo.ordenes values (1268,19,'2021-09-15',15036);
insert into dbo.ordenes values (1269,4,'2021-09-16',15039);
insert into dbo.ordenes values (1270,12,'2021-09-17',15048);
insert into dbo.ordenes values (1271,6,'2021-09-18',15073);
insert into dbo.ordenes values (1272,12,'2021-09-19',15074);
insert into dbo.ordenes values (1273,13,'2021-09-20',15084);
insert into dbo.ordenes values (1274,14,'2021-09-21',15086);
insert into dbo.ordenes values (1275,14,'2021-09-22',15088);
insert into dbo.ordenes values (1276,12,'2021-09-23',7001);
insert into dbo.ordenes values (1277,8,'2021-09-24',15012);
insert into dbo.ordenes values (1278,13,'2021-09-25',15036);
insert into dbo.ordenes values (1279,10,'2021-09-26',15039);
insert into dbo.ordenes values (1280,6,'2021-09-27',15048);
insert into dbo.ordenes values (1281,1,'2021-09-28',15073);
insert into dbo.ordenes values (1282,15,'2021-09-29',15074);
insert into dbo.ordenes values (1283,10,'2021-09-30',15084);
insert into dbo.ordenes values (1284,16,'2021-10-01',15086);
insert into dbo.ordenes values (1285,5,'2021-10-02',15088);
insert into dbo.ordenes values (1286,11,'2021-10-03',7001);
insert into dbo.ordenes values (1287,1,'2021-10-04',15012);
insert into dbo.ordenes values (1288,4,'2021-10-05',15036);
insert into dbo.ordenes values (1289,11,'2021-10-06',15039);
insert into dbo.ordenes values (1290,10,'2021-10-07',15048);
insert into dbo.ordenes values (1291,4,'2021-10-08',15073);
insert into dbo.ordenes values (1292,6,'2021-10-09',15074);
insert into dbo.ordenes values (1293,13,'2021-10-10',15084);
insert into dbo.ordenes values (1294,6,'2021-10-11',15086);
insert into dbo.ordenes values (1295,11,'2021-10-12',15088);
insert into dbo.ordenes values (1296,16,'2021-10-13',7001);
insert into dbo.ordenes values (1297,15,'2021-10-14',7001);
insert into dbo.ordenes values (1298,15,'2021-10-15',15012);
insert into dbo.ordenes values (1299,9,'2021-10-16',15036);
insert into dbo.ordenes values (1300,15,'2021-10-17',15039);
insert into dbo.ordenes values (1301,19,'2021-10-18',15048);
insert into dbo.ordenes values (1302,18,'2021-10-19',15073);
insert into dbo.ordenes values (1303,17,'2021-10-20',15074);
insert into dbo.ordenes values (1304,12,'2021-10-21',15084);
insert into dbo.ordenes values (1305,7,'2021-10-22',15086);
insert into dbo.ordenes values (1306,8,'2021-10-23',15088);
insert into dbo.ordenes values (1307,12,'2021-10-24',7001);
insert into dbo.ordenes values (1308,13,'2021-10-25',15012);
insert into dbo.ordenes values (1309,20,'2021-10-26',15036);
insert into dbo.ordenes values (1310,12,'2021-10-27',15039);
insert into dbo.ordenes values (1311,20,'2021-10-28',15048);
insert into dbo.ordenes values (1312,8,'2021-10-29',15073);
insert into dbo.ordenes values (1313,3,'2021-10-30',15074);
insert into dbo.ordenes values (1314,9,'2021-10-31',15084);
insert into dbo.ordenes values (1315,4,'2021-11-01',15086);
insert into dbo.ordenes values (1316,4,'2021-11-02',15088);
insert into dbo.ordenes values (1317,3,'2021-11-03',7001);
insert into dbo.ordenes values (1318,13,'2021-11-04',15012);
insert into dbo.ordenes values (1319,2,'2021-11-05',15036);
insert into dbo.ordenes values (1320,5,'2021-11-06',15039);
insert into dbo.ordenes values (1321,13,'2021-11-07',15048);
insert into dbo.ordenes values (1322,11,'2021-11-08',15073);
insert into dbo.ordenes values (1323,15,'2021-11-09',15074);
insert into dbo.ordenes values (1324,12,'2021-11-10',15084);
insert into dbo.ordenes values (1325,9,'2021-11-11',15086);
insert into dbo.ordenes values (1326,18,'2021-11-12',15088);
insert into dbo.ordenes values (1327,2,'2021-11-13',7001);
insert into dbo.ordenes values (1328,11,'2021-11-14',15012);
insert into dbo.ordenes values (1329,8,'2021-11-15',15036);
insert into dbo.ordenes values (1330,5,'2021-11-16',15039);
insert into dbo.ordenes values (1331,1,'2021-11-17',15048);
insert into dbo.ordenes values (1332,16,'2021-11-18',15073);
insert into dbo.ordenes values (1333,6,'2021-11-19',15074);
insert into dbo.ordenes values (1334,9,'2021-11-20',15084);
insert into dbo.ordenes values (1335,19,'2021-11-21',15086);
insert into dbo.ordenes values (1336,12,'2021-11-22',15088);
insert into dbo.ordenes values (1337,14,'2021-11-23',7001);
insert into dbo.ordenes values (1338,8,'2021-11-24',15012);
insert into dbo.ordenes values (1339,6,'2021-11-25',15036);
insert into dbo.ordenes values (1340,11,'2021-11-26',15039);
insert into dbo.ordenes values (1341,13,'2021-11-27',15048);
insert into dbo.ordenes values (1342,9,'2021-11-28',15073);
insert into dbo.ordenes values (1343,15,'2021-11-29',15074);
insert into dbo.ordenes values (1344,11,'2021-11-30',15084);
insert into dbo.ordenes values (1345,9,'2021-12-01',15086);
insert into dbo.ordenes values (1346,3,'2021-12-02',15088);
insert into dbo.ordenes values (1347,16,'2021-12-03',7001);
insert into dbo.ordenes values (1348,11,'2021-12-04',7001);
insert into dbo.ordenes values (1349,20,'2021-12-05',15012);
insert into dbo.ordenes values (1350,10,'2021-12-06',15036);
insert into dbo.ordenes values (1351,8,'2021-12-07',15039);
insert into dbo.ordenes values (1352,11,'2021-12-08',15048);
insert into dbo.ordenes values (1353,12,'2021-12-09',15073);
insert into dbo.ordenes values (1354,9,'2021-12-10',15074);
insert into dbo.ordenes values (1355,11,'2021-12-11',15084);
insert into dbo.ordenes values (1356,12,'2021-12-12',15086);
insert into dbo.ordenes values (1357,10,'2021-12-13',15088);
insert into dbo.ordenes values (1358,13,'2021-12-14',7001);
insert into dbo.ordenes values (1359,18,'2021-12-15',15012);
insert into dbo.ordenes values (1360,16,'2021-12-16',15036);
insert into dbo.ordenes values (1361,17,'2021-12-17',15039);
insert into dbo.ordenes values (1362,1,'2021-12-18',15048);
insert into dbo.ordenes values (1363,10,'2021-12-19',15073);
insert into dbo.ordenes values (1364,10,'2021-12-20',15074);
insert into dbo.ordenes values (1365,17,'2021-12-21',15084);
insert into dbo.ordenes values (1366,20,'2021-12-22',15086);
insert into dbo.ordenes values (1367,6,'2021-12-23',15088);
insert into dbo.ordenes values (1368,6,'2021-12-24',7001);
insert into dbo.ordenes values (1369,3,'2021-12-25',15012);
insert into dbo.ordenes values (1370,1,'2021-12-26',15036);
insert into dbo.ordenes values (1371,19,'2021-12-27',15039);
insert into dbo.ordenes values (1372,16,'2021-12-28',15048);
insert into dbo.ordenes values (1373,15,'2021-12-29',15073);
insert into dbo.ordenes values (1374,14,'2021-12-30',15074);
insert into dbo.ordenes values (1375,6,'2021-12-31',15084);
insert into dbo.ordenes values (1376,15,'2022-01-01',15086);
insert into dbo.ordenes values (1377,1,'2022-01-02',15088);
insert into dbo.ordenes values (1378,9,'2022-01-03',7001);
insert into dbo.ordenes values (1379,7,'2022-01-04',15012);
insert into dbo.ordenes values (1380,4,'2022-01-05',15036);
insert into dbo.ordenes values (1381,3,'2022-01-06',15039);
insert into dbo.ordenes values (1382,11,'2022-01-07',15048);
insert into dbo.ordenes values (1383,14,'2022-01-08',15073);
insert into dbo.ordenes values (1384,2,'2022-01-09',15074);
insert into dbo.ordenes values (1385,11,'2022-01-10',15084);
insert into dbo.ordenes values (1386,2,'2022-01-11',15086);
insert into dbo.ordenes values (1387,10,'2022-01-12',15088);
insert into dbo.ordenes values (1388,1,'2022-01-13',7001);
insert into dbo.ordenes values (1389,4,'2022-01-14',15012);
insert into dbo.ordenes values (1390,14,'2022-01-15',15036);
insert into dbo.ordenes values (1391,19,'2022-01-16',15039);
insert into dbo.ordenes values (1392,10,'2022-01-17',15048);
insert into dbo.ordenes values (1393,18,'2022-01-18',15073);
insert into dbo.ordenes values (1394,3,'2022-01-19',15074);
insert into dbo.ordenes values (1395,20,'2022-01-20',15084);
insert into dbo.ordenes values (1396,4,'2022-01-21',15086);
insert into dbo.ordenes values (1397,9,'2022-01-22',15088);
insert into dbo.ordenes values (1398,9,'2022-01-23',7001);
insert into dbo.ordenes values (1399,5,'2022-01-24',7001);
insert into dbo.ordenes values (1400,3,'2022-01-25',15012);
insert into dbo.ordenes values (1401,14,'2022-01-26',15036);
insert into dbo.ordenes values (1402,9,'2022-01-27',15039);
insert into dbo.ordenes values (1403,9,'2022-01-28',15048);
insert into dbo.ordenes values (1404,4,'2022-01-29',15073);
insert into dbo.ordenes values (1405,3,'2022-01-30',15074);
insert into dbo.ordenes values (1406,1,'2022-01-31',15084);
insert into dbo.ordenes values (1407,6,'2022-02-01',15086);
insert into dbo.ordenes values (1408,2,'2022-02-02',15088);
insert into dbo.ordenes values (1409,19,'2022-02-03',7001);
insert into dbo.ordenes values (1410,3,'2022-02-04',15012);
insert into dbo.ordenes values (1411,1,'2022-02-05',15036);
insert into dbo.ordenes values (1412,6,'2022-02-06',15039);
insert into dbo.ordenes values (1413,2,'2022-02-07',15048);
insert into dbo.ordenes values (1414,4,'2022-02-08',15073);
insert into dbo.ordenes values (1415,8,'2022-02-09',15074);
insert into dbo.ordenes values (1416,12,'2022-02-10',15084);
insert into dbo.ordenes values (1417,14,'2022-02-11',15086);
insert into dbo.ordenes values (1418,1,'2022-02-12',15088);
insert into dbo.ordenes values (1419,16,'2022-02-13',7001);
insert into dbo.ordenes values (1420,14,'2022-02-14',15012);
insert into dbo.ordenes values (1421,13,'2022-02-15',15036);
insert into dbo.ordenes values (1422,19,'2022-02-16',15039);
insert into dbo.ordenes values (1423,19,'2022-02-17',15048);
insert into dbo.ordenes values (1424,19,'2022-02-18',15073);
insert into dbo.ordenes values (1425,14,'2022-02-19',15074);
insert into dbo.ordenes values (1426,7,'2022-02-20',15084);
insert into dbo.ordenes values (1427,18,'2022-02-21',15086);
insert into dbo.ordenes values (1428,17,'2022-02-22',15088);
insert into dbo.ordenes values (1429,14,'2022-02-23',7001);
insert into dbo.ordenes values (1430,3,'2022-02-24',15012);
insert into dbo.ordenes values (1431,10,'2022-02-25',15036);
insert into dbo.ordenes values (1432,20,'2022-02-26',15039);
insert into dbo.ordenes values (1433,12,'2022-02-27',15048);
insert into dbo.ordenes values (1434,12,'2022-02-28',15073);
insert into dbo.ordenes values (1435,2,'2022-03-01',15074);
insert into dbo.ordenes values (1436,18,'2022-03-02',15084);
insert into dbo.ordenes values (1437,14,'2022-03-03',15086);
insert into dbo.ordenes values (1438,7,'2022-03-04',15088);
insert into dbo.ordenes values (1439,5,'2022-03-05',7001);
insert into dbo.ordenes values (1440,12,'2022-03-06',15012);
insert into dbo.ordenes values (1441,2,'2022-03-07',15036);
insert into dbo.ordenes values (1442,14,'2022-03-08',15039);
insert into dbo.ordenes values (1443,6,'2022-03-09',15048);
insert into dbo.ordenes values (1444,5,'2022-03-10',15073);
insert into dbo.ordenes values (1445,6,'2022-03-11',15074);
insert into dbo.ordenes values (1446,16,'2022-03-12',15084);
insert into dbo.ordenes values (1447,13,'2022-03-13',15086);
insert into dbo.ordenes values (1448,12,'2022-03-14',15088);
insert into dbo.ordenes values (1449,5,'2022-03-15',7001);
insert into dbo.ordenes values (1450,18,'2022-03-16',7001);
insert into dbo.ordenes values (1451,5,'2022-03-17',15012);
insert into dbo.ordenes values (1452,8,'2022-03-18',15036);
insert into dbo.ordenes values (1453,13,'2022-03-19',15039);
insert into dbo.ordenes values (1454,18,'2022-03-20',15048);
insert into dbo.ordenes values (1455,20,'2022-03-21',15073);
insert into dbo.ordenes values (1456,16,'2022-03-22',15074);
insert into dbo.ordenes values (1457,5,'2022-03-23',15084);
insert into dbo.ordenes values (1458,5,'2022-03-24',15086);
insert into dbo.ordenes values (1459,18,'2022-03-25',15088);
insert into dbo.ordenes values (1460,19,'2022-03-26',7001);
insert into dbo.ordenes values (1461,5,'2022-03-27',15012);
insert into dbo.ordenes values (1462,19,'2022-03-28',15036);
insert into dbo.ordenes values (1463,4,'2022-03-29',15039);
insert into dbo.ordenes values (1464,7,'2022-03-30',15048);
insert into dbo.ordenes values (1465,18,'2022-03-31',15073);
insert into dbo.ordenes values (1466,2,'2022-04-01',15074);
insert into dbo.ordenes values (1467,3,'2022-04-02',15084);
insert into dbo.ordenes values (1468,11,'2022-04-03',15086);
insert into dbo.ordenes values (1469,8,'2022-04-04',15088);
insert into dbo.ordenes values (1470,18,'2022-04-05',7001);
insert into dbo.ordenes values (1471,18,'2022-04-06',15012);
insert into dbo.ordenes values (1472,9,'2022-04-07',15036);
insert into dbo.ordenes values (1473,20,'2022-04-08',15039);
insert into dbo.ordenes values (1474,8,'2022-04-09',15048);
insert into dbo.ordenes values (1475,12,'2022-04-10',15073);
insert into dbo.ordenes values (1476,7,'2022-04-11',15074);
insert into dbo.ordenes values (1477,5,'2022-04-12',15084);
insert into dbo.ordenes values (1478,17,'2022-04-13',15086);
insert into dbo.ordenes values (1479,4,'2022-04-14',15088);
insert into dbo.ordenes values (1480,17,'2022-04-15',7001);
insert into dbo.ordenes values (1481,18,'2022-04-16',15012);
insert into dbo.ordenes values (1482,14,'2022-04-17',15036);
insert into dbo.ordenes values (1483,8,'2022-04-18',15039);
insert into dbo.ordenes values (1484,17,'2022-04-19',15048);
insert into dbo.ordenes values (1485,20,'2022-04-20',15073);
insert into dbo.ordenes values (1486,19,'2022-04-21',15074);
insert into dbo.ordenes values (1487,14,'2022-04-22',15084);
insert into dbo.ordenes values (1488,1,'2022-04-23',15086);
insert into dbo.ordenes values (1489,3,'2022-04-24',15088);
insert into dbo.ordenes values (1490,20,'2022-04-25',7001);
insert into dbo.ordenes values (1491,14,'2022-04-26',15012);
insert into dbo.ordenes values (1492,15,'2022-04-27',15036);
insert into dbo.ordenes values (1493,2,'2022-04-28',15039);
insert into dbo.ordenes values (1494,5,'2022-04-29',15048);
insert into dbo.ordenes values (1495,14,'2022-04-30',15073);
insert into dbo.ordenes values (1496,14,'2022-05-01',15074);
insert into dbo.ordenes values (1497,12,'2022-05-02',15084);
insert into dbo.ordenes values (1498,2,'2022-05-03',15086);
insert into dbo.ordenes values (1499,8,'2022-05-04',15088);
insert into dbo.ordenes values (1500,5,'2022-05-05',7001);
insert into dbo.ordenes values (1501,13,'2022-05-06',7001);
insert into dbo.ordenes values (1502,8,'2022-05-07',15012);
insert into dbo.ordenes values (1503,3,'2022-05-08',15036);
insert into dbo.ordenes values (1504,7,'2022-05-09',15039);
insert into dbo.ordenes values (1505,11,'2022-05-10',15048);
insert into dbo.ordenes values (1506,6,'2022-05-11',15073);
insert into dbo.ordenes values (1507,7,'2022-05-12',15074);
insert into dbo.ordenes values (1508,13,'2022-05-13',15084);
insert into dbo.ordenes values (1509,2,'2022-05-14',15086);
insert into dbo.ordenes values (1510,9,'2022-05-15',15088);
insert into dbo.ordenes values (1511,16,'2022-05-16',7001);
insert into dbo.ordenes values (1512,14,'2022-05-17',15012);
insert into dbo.ordenes values (1513,4,'2022-05-18',15036);
insert into dbo.ordenes values (1514,1,'2022-05-19',15039);
insert into dbo.ordenes values (1515,8,'2022-05-20',15048);
insert into dbo.ordenes values (1516,2,'2022-05-21',15073);
insert into dbo.ordenes values (1517,7,'2022-05-22',15074);
insert into dbo.ordenes values (1518,8,'2022-05-23',15084);
insert into dbo.ordenes values (1519,1,'2022-05-24',15086);
insert into dbo.ordenes values (1520,20,'2022-05-25',15088);
insert into dbo.ordenes values (1521,4,'2022-05-26',7001);
insert into dbo.ordenes values (1522,3,'2022-05-27',15012);
insert into dbo.ordenes values (1523,13,'2022-05-28',15036);
insert into dbo.ordenes values (1524,14,'2022-05-29',15039);
insert into dbo.ordenes values (1525,2,'2022-05-30',15048);
insert into dbo.ordenes values (1526,6,'2022-05-31',15073);
insert into dbo.ordenes values (1527,14,'2022-06-01',15074);
insert into dbo.ordenes values (1528,19,'2022-06-02',15084);
insert into dbo.ordenes values (1529,11,'2022-06-03',15086);
insert into dbo.ordenes values (1530,20,'2022-06-04',15088);
insert into dbo.ordenes values (1531,3,'2022-06-05',7001);
insert into dbo.ordenes values (1532,5,'2022-06-06',15012);
insert into dbo.ordenes values (1533,13,'2022-06-07',15036);
insert into dbo.ordenes values (1534,13,'2022-06-08',15039);
insert into dbo.ordenes values (1535,5,'2022-06-09',15048);
insert into dbo.ordenes values (1536,18,'2022-06-10',15073);
insert into dbo.ordenes values (1537,10,'2022-06-11',15074);
insert into dbo.ordenes values (1538,11,'2022-06-12',15084);
insert into dbo.ordenes values (1539,4,'2022-06-13',15086);
insert into dbo.ordenes values (1540,18,'2022-06-14',15088);
insert into dbo.ordenes values (1541,14,'2022-06-15',7001);
insert into dbo.ordenes values (1542,9,'2022-06-16',15012);
insert into dbo.ordenes values (1543,3,'2022-06-17',15036);
insert into dbo.ordenes values (1544,7,'2022-06-18',15039);
insert into dbo.ordenes values (1545,3,'2022-06-19',15048);
insert into dbo.ordenes values (1546,6,'2022-06-20',15073);
insert into dbo.ordenes values (1547,5,'2022-06-21',15074);
insert into dbo.ordenes values (1548,12,'2022-06-22',15084);
insert into dbo.ordenes values (1549,8,'2022-06-23',15086);
insert into dbo.ordenes values (1550,1,'2022-06-24',15088);
insert into dbo.ordenes values (1551,2,'2022-06-25',7001);
insert into dbo.ordenes values (1552,17,'2022-06-26',7001);
insert into dbo.ordenes values (1553,15,'2022-06-27',15012);
insert into dbo.ordenes values (1554,2,'2022-06-28',15036);
insert into dbo.ordenes values (1555,4,'2022-06-29',15039);
insert into dbo.ordenes values (1556,17,'2022-06-30',15048);
insert into dbo.ordenes values (1557,1,'2022-07-01',15073);
insert into dbo.ordenes values (1558,12,'2022-07-02',15074);
insert into dbo.ordenes values (1559,13,'2022-07-03',15084);
insert into dbo.ordenes values (1560,3,'2022-07-04',15086);
insert into dbo.ordenes values (1561,6,'2022-07-05',15088);
insert into dbo.ordenes values (1562,17,'2022-07-06',7001);
insert into dbo.ordenes values (1563,19,'2022-07-07',15012);
insert into dbo.ordenes values (1564,7,'2022-07-08',15036);
insert into dbo.ordenes values (1565,15,'2022-07-09',15039);
insert into dbo.ordenes values (1566,11,'2022-07-10',15048);
insert into dbo.ordenes values (1567,18,'2022-07-11',15073);
insert into dbo.ordenes values (1568,12,'2022-07-12',15074);
insert into dbo.ordenes values (1569,5,'2022-07-13',15084);
insert into dbo.ordenes values (1570,14,'2022-07-14',15086);
insert into dbo.ordenes values (1571,6,'2022-07-15',15088);
insert into dbo.ordenes values (1572,16,'2022-07-16',7001);
insert into dbo.ordenes values (1573,6,'2022-07-17',15012);
insert into dbo.ordenes values (1574,10,'2022-07-18',15036);
insert into dbo.ordenes values (1575,6,'2022-07-19',15039);
insert into dbo.ordenes values (1576,4,'2022-07-20',15048);
insert into dbo.ordenes values (1577,14,'2022-07-21',15073);
insert into dbo.ordenes values (1578,18,'2022-07-22',15074);
insert into dbo.ordenes values (1579,14,'2022-07-23',15084);
insert into dbo.ordenes values (1580,4,'2022-07-24',15086);
insert into dbo.ordenes values (1581,10,'2022-07-25',15088);
insert into dbo.ordenes values (1582,6,'2022-07-26',7001);
insert into dbo.ordenes values (1583,5,'2022-07-27',15012);
insert into dbo.ordenes values (1584,18,'2022-07-28',15036);
insert into dbo.ordenes values (1585,10,'2022-07-29',15039);
insert into dbo.ordenes values (1586,8,'2022-07-30',15048);
insert into dbo.ordenes values (1587,18,'2022-07-31',15073);
insert into dbo.ordenes values (1588,5,'2022-08-01',15074);
insert into dbo.ordenes values (1589,5,'2022-08-02',15084);
insert into dbo.ordenes values (1590,18,'2022-08-03',15086);
insert into dbo.ordenes values (1591,11,'2022-08-04',15088);
insert into dbo.ordenes values (1592,10,'2022-08-05',7001);
insert into dbo.ordenes values (1593,13,'2022-08-06',15012);
insert into dbo.ordenes values (1594,14,'2022-08-07',15036);
insert into dbo.ordenes values (1595,9,'2022-08-08',15039);
insert into dbo.ordenes values (1596,5,'2022-08-09',15048);
insert into dbo.ordenes values (1597,15,'2022-08-10',15073);
insert into dbo.ordenes values (1598,20,'2022-08-11',15074);
insert into dbo.ordenes values (1599,2,'2022-08-12',15084);
insert into dbo.ordenes values (1600,5,'2022-08-13',15086);
insert into dbo.ordenes values (1601,12,'2022-08-14',15088);
insert into dbo.ordenes values (1602,4,'2022-08-15',7001);
insert into dbo.ordenes values (1603,8,'2022-08-16',7001);
insert into dbo.ordenes values (1604,20,'2022-08-17',15012);
insert into dbo.ordenes values (1605,17,'2022-08-18',15036);
insert into dbo.ordenes values (1606,1,'2022-08-19',15039);
insert into dbo.ordenes values (1607,17,'2022-08-20',15048);
insert into dbo.ordenes values (1608,19,'2022-08-21',15073);
insert into dbo.ordenes values (1609,8,'2022-08-22',15074);
insert into dbo.ordenes values (1610,6,'2022-08-23',15084);
insert into dbo.ordenes values (1611,19,'2022-08-24',15086);
insert into dbo.ordenes values (1612,13,'2022-08-25',15088);
insert into dbo.ordenes values (1613,1,'2022-08-26',7001);
insert into dbo.ordenes values (1614,2,'2022-08-27',15012);
insert into dbo.ordenes values (1615,8,'2022-08-28',15036);
insert into dbo.ordenes values (1616,1,'2022-08-29',15039);
insert into dbo.ordenes values (1617,4,'2022-08-30',15048);
insert into dbo.ordenes values (1618,14,'2022-08-31',15073);
insert into dbo.ordenes values (1619,5,'2022-09-01',15074);
insert into dbo.ordenes values (1620,19,'2022-09-02',15084);
insert into dbo.ordenes values (1621,15,'2022-09-03',15086);
insert into dbo.ordenes values (1622,19,'2022-09-04',15088);
insert into dbo.ordenes values (1623,15,'2022-09-05',15088);
insert into dbo.ordenes values (1624,12,'2022-09-06',7001);
insert into dbo.ordenes values (1625,13,'2022-09-07',15012);
insert into dbo.ordenes values (1626,19,'2022-09-08',15036);
insert into dbo.ordenes values (1627,13,'2022-09-09',15039);
insert into dbo.ordenes values (1628,19,'2022-09-10',15048);
insert into dbo.ordenes values (1629,2,'2022-09-11',15073);
insert into dbo.ordenes values (1630,9,'2022-09-12',15074);
insert into dbo.ordenes values (1631,15,'2022-09-13',15084);
insert into dbo.ordenes values (1632,19,'2022-09-14',15086);
insert into dbo.ordenes values (1633,10,'2022-09-15',15088);
insert into dbo.ordenes values (1634,20,'2022-09-16',7001);
insert into dbo.ordenes values (1635,4,'2022-09-17',15012);
insert into dbo.ordenes values (1636,9,'2022-09-18',15036);
insert into dbo.ordenes values (1637,4,'2022-09-19',15039);
insert into dbo.ordenes values (1638,18,'2022-09-20',15048);
insert into dbo.ordenes values (1639,16,'2022-09-21',15073);
insert into dbo.ordenes values (1640,7,'2022-09-22',15074);
insert into dbo.ordenes values (1641,6,'2022-09-23',15084);
insert into dbo.ordenes values (1642,17,'2022-09-24',15086);
insert into dbo.ordenes values (1643,3,'2022-09-25',15088);
insert into dbo.ordenes values (1644,9,'2022-09-26',7001);
insert into dbo.ordenes values (1645,20,'2022-09-27',15012);
insert into dbo.ordenes values (1646,4,'2022-09-28',15036);
insert into dbo.ordenes values (1647,6,'2022-09-29',15039);
insert into dbo.ordenes values (1648,7,'2022-09-30',15048);
insert into dbo.ordenes values (1649,1,'2022-10-01',15073);
insert into dbo.ordenes values (1650,11,'2022-10-02',15074);
insert into dbo.ordenes values (1651,4,'2022-10-03',15084);
insert into dbo.ordenes values (1652,5,'2022-10-04',15086);
insert into dbo.ordenes values (1653,13,'2022-10-05',15088);
insert into dbo.ordenes values (1654,13,'2022-10-06',7001);
insert into dbo.ordenes values (1655,18,'2022-10-07',15012);
insert into dbo.ordenes values (1656,13,'2022-10-08',15036);
insert into dbo.ordenes values (1657,20,'2022-10-09',15039);
insert into dbo.ordenes values (1658,15,'2022-10-10',15048);
insert into dbo.ordenes values (1659,14,'2022-10-11',15073);
insert into dbo.ordenes values (1660,14,'2022-10-12',15074);
insert into dbo.ordenes values (1661,18,'2022-10-13',15084);
insert into dbo.ordenes values (1662,8,'2022-10-14',15086);
insert into dbo.ordenes values (1663,7,'2022-10-15',15088);
insert into dbo.ordenes values (1664,13,'2022-10-16',7001);
insert into dbo.ordenes values (1665,5,'2022-10-17',7001);
insert into dbo.ordenes values (1666,20,'2022-10-18',15012);
insert into dbo.ordenes values (1667,3,'2022-10-19',15036);
insert into dbo.ordenes values (1668,12,'2022-10-20',15039);
insert into dbo.ordenes values (1669,3,'2022-10-21',15048);
insert into dbo.ordenes values (1670,9,'2022-10-22',15073);
insert into dbo.ordenes values (1671,4,'2022-10-23',15074);
insert into dbo.ordenes values (1672,16,'2022-10-24',15084);
insert into dbo.ordenes values (1673,17,'2022-10-25',15086);
insert into dbo.ordenes values (1674,9,'2022-10-26',15088);
insert into dbo.ordenes values (1675,7,'2022-10-27',7001);
insert into dbo.ordenes values (1676,16,'2022-10-28',15012);
insert into dbo.ordenes values (1677,19,'2022-10-29',15036);
insert into dbo.ordenes values (1678,11,'2022-10-30',15039);
insert into dbo.ordenes values (1679,9,'2022-10-31',15048);
insert into dbo.ordenes values (1680,3,'2022-11-01',15073);
insert into dbo.ordenes values (1681,12,'2022-11-02',15074);
insert into dbo.ordenes values (1682,17,'2022-11-03',15084);
insert into dbo.ordenes values (1683,5,'2022-11-04',15086);
insert into dbo.ordenes values (1684,19,'2022-11-05',15088);
insert into dbo.ordenes values (1685,8,'2022-11-06',7001);
insert into dbo.ordenes values (1686,3,'2022-11-07',15012);
insert into dbo.ordenes values (1687,3,'2022-11-08',15036);
insert into dbo.ordenes values (1688,12,'2022-11-09',15039);
insert into dbo.ordenes values (1689,7,'2022-11-10',15048);
insert into dbo.ordenes values (1690,8,'2022-11-11',15073);
insert into dbo.ordenes values (1691,11,'2022-11-12',15074);
insert into dbo.ordenes values (1692,11,'2022-11-13',15084);
insert into dbo.ordenes values (1693,16,'2022-11-14',15086);
insert into dbo.ordenes values (1694,9,'2022-11-15',15088);
insert into dbo.ordenes values (1695,20,'2022-11-16',7001);
insert into dbo.ordenes values (1696,4,'2022-11-17',15012);
insert into dbo.ordenes values (1697,6,'2022-11-18',15036);
insert into dbo.ordenes values (1698,14,'2022-11-19',15039);
insert into dbo.ordenes values (1699,19,'2022-11-20',15048);
insert into dbo.ordenes values (1700,16,'2022-11-21',15073);
insert into dbo.ordenes values (1701,14,'2022-11-22',15074);
insert into dbo.ordenes values (1702,9,'2022-11-23',15084);
insert into dbo.ordenes values (1703,16,'2022-11-24',15086);
insert into dbo.ordenes values (1704,10,'2022-11-25',15088);
insert into dbo.ordenes values (1705,17,'2022-11-26',7001);
insert into dbo.ordenes values (1706,2,'2022-11-27',15012);
insert into dbo.ordenes values (1707,9,'2022-11-28',15036);
insert into dbo.ordenes values (1708,10,'2022-11-29',15039);
insert into dbo.ordenes values (1709,20,'2022-11-30',15048);
insert into dbo.ordenes values (1710,6,'2022-12-01',15073);
insert into dbo.ordenes values (1711,4,'2022-12-02',15074);
insert into dbo.ordenes values (1712,3,'2022-12-03',15084);
insert into dbo.ordenes values (1713,19,'2022-12-04',15086);
insert into dbo.ordenes values (1714,1,'2022-12-05',15088);
insert into dbo.ordenes values (1715,18,'2022-12-06',7001);
insert into dbo.ordenes values (1716,7,'2022-12-07',7001);
insert into dbo.ordenes values (1717,7,'2022-12-08',15012);
insert into dbo.ordenes values (1718,16,'2022-12-09',15036);
insert into dbo.ordenes values (1719,13,'2022-12-10',15039);
insert into dbo.ordenes values (1720,12,'2022-12-11',15048);
insert into dbo.ordenes values (1721,3,'2022-12-12',15073);
insert into dbo.ordenes values (1722,8,'2022-12-13',15074);
insert into dbo.ordenes values (1723,16,'2022-12-14',15084);
insert into dbo.ordenes values (1724,5,'2022-12-15',15086);
insert into dbo.ordenes values (1725,16,'2022-12-16',15088);
insert into dbo.ordenes values (1726,18,'2022-12-17',7001);
insert into dbo.ordenes values (1727,7,'2022-12-18',15012);
insert into dbo.ordenes values (1728,2,'2022-12-19',15036);
insert into dbo.ordenes values (1729,11,'2022-12-20',15039);
insert into dbo.ordenes values (1730,15,'2022-12-21',15048);
insert into dbo.ordenes values (1731,4,'2022-12-22',15073);
insert into dbo.ordenes values (1732,3,'2022-12-23',15074);
insert into dbo.ordenes values (1733,11,'2022-12-24',15084);
insert into dbo.ordenes values (1734,17,'2022-12-25',15086);
insert into dbo.ordenes values (1735,10,'2022-12-26',15088);
insert into dbo.ordenes values (1736,8,'2022-12-27',7001);
insert into dbo.ordenes values (1737,19,'2022-12-28',15012);
insert into dbo.ordenes values (1738,1,'2022-12-29',15036);
insert into dbo.ordenes values (1739,7,'2022-12-30',15039);
insert into dbo.ordenes values (1740,6,'2022-12-31',15048);
insert into dbo.ordenes values (1741,5,'2023-01-01',15073);
insert into dbo.ordenes values (1742,10,'2023-01-02',15074);
insert into dbo.ordenes values (1743,16,'2023-01-03',15084);
insert into dbo.ordenes values (1744,5,'2023-01-04',15086);
insert into dbo.ordenes values (1745,17,'2023-01-05',15088);
insert into dbo.ordenes values (1746,16,'2023-01-06',7001);
insert into dbo.ordenes values (1747,13,'2023-01-07',15012);
insert into dbo.ordenes values (1748,7,'2023-01-08',15036);
insert into dbo.ordenes values (1749,3,'2023-01-09',15039);
insert into dbo.ordenes values (1750,7,'2023-01-10',15048);
insert into dbo.ordenes values (1751,5,'2023-01-11',15073);
insert into dbo.ordenes values (1752,16,'2023-01-12',15074);
insert into dbo.ordenes values (1753,14,'2023-01-13',15084);
insert into dbo.ordenes values (1754,3,'2023-01-14',15086);
insert into dbo.ordenes values (1755,2,'2023-01-15',15088);
insert into dbo.ordenes values (1756,20,'2023-01-16',7001);
insert into dbo.ordenes values (1757,6,'2023-01-17',15012);
insert into dbo.ordenes values (1758,17,'2023-01-18',15036);
insert into dbo.ordenes values (1759,10,'2023-01-19',15039);
insert into dbo.ordenes values (1760,6,'2023-01-20',15048);
insert into dbo.ordenes values (1761,17,'2023-01-21',15073);
insert into dbo.ordenes values (1762,16,'2023-01-22',15074);
insert into dbo.ordenes values (1763,3,'2023-01-23',15084);
insert into dbo.ordenes values (1764,1,'2023-01-24',15086);
insert into dbo.ordenes values (1765,9,'2023-01-25',15088);
insert into dbo.ordenes values (1766,2,'2023-01-26',7001);
insert into dbo.ordenes values (1767,19,'2023-01-27',7001);
insert into dbo.ordenes values (1768,6,'2023-01-28',15012);
insert into dbo.ordenes values (1769,5,'2023-01-29',15036);
insert into dbo.ordenes values (1770,2,'2023-01-30',15039);
insert into dbo.ordenes values (1771,11,'2023-01-31',15048);
insert into dbo.ordenes values (1772,17,'2023-02-01',15073);
insert into dbo.ordenes values (1773,15,'2023-02-02',15074);
insert into dbo.ordenes values (1774,3,'2023-02-03',15084);
insert into dbo.ordenes values (1775,15,'2023-02-04',15086);
insert into dbo.ordenes values (1776,11,'2023-02-05',15088);
insert into dbo.ordenes values (1777,10,'2023-02-06',7001);
insert into dbo.ordenes values (1778,12,'2023-02-07',15012);
insert into dbo.ordenes values (1779,15,'2023-02-08',15036);
insert into dbo.ordenes values (1780,19,'2023-02-09',15039);
insert into dbo.ordenes values (1781,18,'2023-02-10',15048);
insert into dbo.ordenes values (1782,9,'2023-02-11',15073);
insert into dbo.ordenes values (1783,2,'2023-02-12',15074);
insert into dbo.ordenes values (1784,4,'2023-02-13',15084);
------------------

--insercion orden detalle
insert into dbo.OrdenDetalles values (111,1011,9008,7,37.21,6.7);
insert into dbo.OrdenDetalles values (112,1012,9007,4,17.32,3.12);
insert into dbo.OrdenDetalles values (113,1013,9006,3,19.01,3.42);
insert into dbo.OrdenDetalles values (114,1014,9010,1,20.99,3.78);
insert into dbo.OrdenDetalles values (115,1015,9010,2,10.76,1.94);
insert into dbo.OrdenDetalles values (116,1016,9003,17,20.64,3.72);
insert into dbo.OrdenDetalles values (117,1017,9010,13,37.3,6.71);
insert into dbo.OrdenDetalles values (118,1018,9009,2,19.77,3.56);
insert into dbo.OrdenDetalles values (119,1019,9008,1,39.7,7.15);
insert into dbo.OrdenDetalles values (120,1020,9005,4,17.58,3.16);
insert into dbo.OrdenDetalles values (121,1021,9002,1,32.2,5.8);
insert into dbo.OrdenDetalles values (122,1022,9003,16,28.25,5.09);
insert into dbo.OrdenDetalles values (123,1023,9009,6,42.79,7.7);
insert into dbo.OrdenDetalles values (124,1024,9008,2,30.54,5.5);
insert into dbo.OrdenDetalles values (125,1025,9001,3,27.28,4.91);
insert into dbo.OrdenDetalles values (126,1026,9002,20,24.45,4.4);
insert into dbo.OrdenDetalles values (127,1027,9007,6,32.58,5.86);
insert into dbo.OrdenDetalles values (128,1028,9005,8,14.88,2.68);
insert into dbo.OrdenDetalles values (129,1029,9008,12,32.62,5.87);
insert into dbo.OrdenDetalles values (130,1030,9004,14,20.69,3.72);
insert into dbo.OrdenDetalles values (131,1031,9007,13,39.29,7.07);
insert into dbo.OrdenDetalles values (132,1032,9008,14,43.59,7.85);
insert into dbo.OrdenDetalles values (133,1033,9010,5,20.73,3.73);
insert into dbo.OrdenDetalles values (134,1034,9002,2,10.12,1.82);
insert into dbo.OrdenDetalles values (135,1035,9001,20,24.91,4.48);
insert into dbo.OrdenDetalles values (136,1036,9004,13,28.61,5.15);
insert into dbo.OrdenDetalles values (137,1037,9001,20,19.43,3.5);
insert into dbo.OrdenDetalles values (138,1038,9002,20,40.19,7.23);
insert into dbo.OrdenDetalles values (139,1039,9007,10,44.21,7.96);
insert into dbo.OrdenDetalles values (140,1040,9001,20,30,5.4);
insert into dbo.OrdenDetalles values (141,1041,9004,16,15.23,2.74);
insert into dbo.OrdenDetalles values (142,1042,9009,9,11.04,1.99);
insert into dbo.OrdenDetalles values (143,1043,9009,9,34.7,6.25);
insert into dbo.OrdenDetalles values (144,1044,9001,7,29.08,5.23);
insert into dbo.OrdenDetalles values (145,1045,9001,20,35.85,6.45);
insert into dbo.OrdenDetalles values (146,1046,9001,12,36.95,6.65);
insert into dbo.OrdenDetalles values (147,1047,9007,17,37.92,6.83);
insert into dbo.OrdenDetalles values (148,1048,9007,5,32.86,5.91);
insert into dbo.OrdenDetalles values (149,1049,9003,7,26.05,4.69);
insert into dbo.OrdenDetalles values (150,1050,9010,11,13.53,2.44);
insert into dbo.OrdenDetalles values (151,1051,9005,15,25.92,4.67);
insert into dbo.OrdenDetalles values (152,1052,9004,18,43.91,7.9);
insert into dbo.OrdenDetalles values (153,1053,9009,16,25.22,4.54);
insert into dbo.OrdenDetalles values (154,1054,9001,5,32.83,5.91);
insert into dbo.OrdenDetalles values (155,1055,9006,8,14.75,2.66);
insert into dbo.OrdenDetalles values (156,1056,9001,2,43.71,7.87);
insert into dbo.OrdenDetalles values (157,1057,9003,8,24.26,4.37);
insert into dbo.OrdenDetalles values (158,1058,9003,17,18.08,3.25);
insert into dbo.OrdenDetalles values (159,1059,9004,20,35.34,6.36);
insert into dbo.OrdenDetalles values (160,1060,9008,15,25.47,4.58);
insert into dbo.OrdenDetalles values (161,1061,9010,18,36.26,6.53);
insert into dbo.OrdenDetalles values (162,1062,9004,9,18.3,3.29);
insert into dbo.OrdenDetalles values (163,1063,9010,13,29.58,5.32);
insert into dbo.OrdenDetalles values (164,1064,9002,15,39.69,7.14);
insert into dbo.OrdenDetalles values (165,1065,9006,16,34.12,6.14);
insert into dbo.OrdenDetalles values (166,1066,9009,20,27.52,4.95);
insert into dbo.OrdenDetalles values (167,1067,9001,10,18.2,3.28);
insert into dbo.OrdenDetalles values (168,1068,9005,20,43.23,7.78);
insert into dbo.OrdenDetalles values (169,1069,9002,9,37.19,6.69);
insert into dbo.OrdenDetalles values (170,1070,9002,18,19.66,3.54);
insert into dbo.OrdenDetalles values (171,1071,9005,11,15.12,2.72);
insert into dbo.OrdenDetalles values (172,1072,9007,19,23.36,4.2);
insert into dbo.OrdenDetalles values (173,1073,9007,4,38.49,6.93);
insert into dbo.OrdenDetalles values (174,1074,9006,14,37.63,6.77);
insert into dbo.OrdenDetalles values (175,1075,9010,13,36.71,6.61);
insert into dbo.OrdenDetalles values (176,1076,9008,13,20.41,3.67);
insert into dbo.OrdenDetalles values (177,1077,9001,9,24.64,4.44);
insert into dbo.OrdenDetalles values (178,1078,9001,17,42.86,7.71);
insert into dbo.OrdenDetalles values (179,1079,9006,20,37.91,6.82);
insert into dbo.OrdenDetalles values (180,1080,9003,19,42.62,7.67);
insert into dbo.OrdenDetalles values (181,1081,9010,1,17.46,3.14);
insert into dbo.OrdenDetalles values (182,1082,9009,10,36.16,6.51);
insert into dbo.OrdenDetalles values (183,1083,9010,2,35.41,6.37);
insert into dbo.OrdenDetalles values (184,1084,9001,8,20.55,3.7);
insert into dbo.OrdenDetalles values (185,1085,9009,17,23.38,4.21);
insert into dbo.OrdenDetalles values (186,1086,9006,9,25.26,4.55);
insert into dbo.OrdenDetalles values (187,1087,9004,7,12.63,2.27);
insert into dbo.OrdenDetalles values (188,1088,9004,16,25.18,4.53);
insert into dbo.OrdenDetalles values (189,1089,9006,13,35.97,6.47);
insert into dbo.OrdenDetalles values (190,1090,9005,14,25.82,4.65);
insert into dbo.OrdenDetalles values (191,1091,9006,16,19.83,3.57);
insert into dbo.OrdenDetalles values (192,1092,9006,5,21.18,3.81);
insert into dbo.OrdenDetalles values (193,1093,9006,7,20.83,3.75);
insert into dbo.OrdenDetalles values (194,1094,9010,1,11.49,2.07);
insert into dbo.OrdenDetalles values (195,1095,9008,16,18.49,3.33);
insert into dbo.OrdenDetalles values (196,1096,9004,4,13.62,2.45);
insert into dbo.OrdenDetalles values (197,1097,9001,7,24.85,4.47);
insert into dbo.OrdenDetalles values (198,1098,9005,6,22.95,4.13);
insert into dbo.OrdenDetalles values (199,1099,9005,2,30.06,5.41);
insert into dbo.OrdenDetalles values (200,1100,9003,4,15.03,2.71);
insert into dbo.OrdenDetalles values (201,1101,9001,1,18.86,3.39);
insert into dbo.OrdenDetalles values (202,1102,9009,3,19.3,3.47);
insert into dbo.OrdenDetalles values (203,1103,9006,12,14.77,2.66);
insert into dbo.OrdenDetalles values (204,1104,9009,4,36.53,6.58);
insert into dbo.OrdenDetalles values (205,1105,9008,4,19.3,3.47);
insert into dbo.OrdenDetalles values (206,1106,9001,12,40.89,7.36);
insert into dbo.OrdenDetalles values (207,1107,9009,6,20.25,3.65);
insert into dbo.OrdenDetalles values (208,1108,9008,5,14.99,2.7);
insert into dbo.OrdenDetalles values (209,1109,9007,12,20.31,3.66);
insert into dbo.OrdenDetalles values (210,1110,9007,1,44.56,8.02);
insert into dbo.OrdenDetalles values (211,1111,9004,13,37.01,6.66);
insert into dbo.OrdenDetalles values (212,1112,9006,5,25.79,4.64);
insert into dbo.OrdenDetalles values (213,1113,9010,2,26,4.68);
insert into dbo.OrdenDetalles values (214,1114,9010,12,23.8,4.28);
insert into dbo.OrdenDetalles values (215,1115,9006,2,19.37,3.49);
insert into dbo.OrdenDetalles values (216,1116,9009,5,37.2,6.7);
insert into dbo.OrdenDetalles values (217,1117,9002,2,26.03,4.69);
insert into dbo.OrdenDetalles values (218,1118,9002,2,25.81,4.65);
insert into dbo.OrdenDetalles values (219,1119,9005,13,10.64,1.92);
insert into dbo.OrdenDetalles values (220,1120,9004,12,41.08,7.39);
insert into dbo.OrdenDetalles values (221,1121,9007,4,35.84,6.45);
insert into dbo.OrdenDetalles values (222,1122,9009,3,33.53,6.04);
insert into dbo.OrdenDetalles values (223,1123,9002,18,12.45,2.24);
insert into dbo.OrdenDetalles values (224,1124,9004,10,28.67,5.16);
insert into dbo.OrdenDetalles values (225,1125,9003,18,21.09,3.8);
insert into dbo.OrdenDetalles values (226,1126,9006,5,43,7.74);
insert into dbo.OrdenDetalles values (227,1127,9007,2,12.37,2.23);
insert into dbo.OrdenDetalles values (228,1128,9010,3,13.02,2.34);
insert into dbo.OrdenDetalles values (229,1129,9010,7,21.93,3.95);
insert into dbo.OrdenDetalles values (230,1130,9002,4,41.05,7.39);
insert into dbo.OrdenDetalles values (231,1131,9006,11,13.21,2.38);
insert into dbo.OrdenDetalles values (232,1132,9005,4,10.12,1.82);
insert into dbo.OrdenDetalles values (233,1133,9005,4,16.39,2.95);
insert into dbo.OrdenDetalles values (234,1134,9002,17,36.83,6.63);
insert into dbo.OrdenDetalles values (235,1135,9005,13,32.51,5.85);
insert into dbo.OrdenDetalles values (236,1136,9008,4,25.19,4.53);
insert into dbo.OrdenDetalles values (237,1137,9006,13,30.62,5.51);
insert into dbo.OrdenDetalles values (238,1138,9010,1,21.37,3.85);
insert into dbo.OrdenDetalles values (239,1139,9003,3,18.02,3.24);
insert into dbo.OrdenDetalles values (240,1140,9010,8,12.5,2.25);
insert into dbo.OrdenDetalles values (241,1141,9006,1,43.99,7.92);
insert into dbo.OrdenDetalles values (242,1142,9005,19,30.81,5.55);
insert into dbo.OrdenDetalles values (243,1143,9006,15,21.74,3.91);
insert into dbo.OrdenDetalles values (244,1144,9010,1,27.51,4.95);
insert into dbo.OrdenDetalles values (245,1145,9005,12,19.25,3.47);
insert into dbo.OrdenDetalles values (246,1146,9006,5,13.38,2.41);
insert into dbo.OrdenDetalles values (247,1147,9004,19,38.58,6.94);
insert into dbo.OrdenDetalles values (248,1148,9004,5,15.78,2.84);
insert into dbo.OrdenDetalles values (249,1149,9009,17,17,3.06);
insert into dbo.OrdenDetalles values (250,1150,9007,7,41.27,7.43);
insert into dbo.OrdenDetalles values (251,1151,9005,1,41.93,7.55);
insert into dbo.OrdenDetalles values (252,1152,9010,3,24.37,4.39);
insert into dbo.OrdenDetalles values (253,1153,9003,11,43.66,7.86);
insert into dbo.OrdenDetalles values (254,1154,9006,14,17.73,3.19);
insert into dbo.OrdenDetalles values (255,1155,9008,17,33.11,5.96);
insert into dbo.OrdenDetalles values (256,1156,9009,13,14.07,2.53);
insert into dbo.OrdenDetalles values (257,1157,9006,7,36.3,6.53);
insert into dbo.OrdenDetalles values (258,1158,9005,11,24.49,4.41);
insert into dbo.OrdenDetalles values (259,1159,9003,8,28.69,5.16);
insert into dbo.OrdenDetalles values (260,1160,9008,17,19.09,3.44);
insert into dbo.OrdenDetalles values (261,1161,9007,16,36.98,6.66);
insert into dbo.OrdenDetalles values (262,1162,9006,19,32.09,5.78);
insert into dbo.OrdenDetalles values (263,1163,9003,5,36.19,6.51);
insert into dbo.OrdenDetalles values (264,1164,9007,4,14.85,2.67);
insert into dbo.OrdenDetalles values (265,1165,9002,2,37.07,6.67);
insert into dbo.OrdenDetalles values (266,1166,9008,9,27.52,4.95);
insert into dbo.OrdenDetalles values (267,1167,9006,17,35.99,6.48);
insert into dbo.OrdenDetalles values (268,1168,9001,15,13.22,2.38);
insert into dbo.OrdenDetalles values (269,1169,9004,1,21.48,3.87);
insert into dbo.OrdenDetalles values (270,1170,9008,5,40.05,7.21);
insert into dbo.OrdenDetalles values (271,1171,9006,9,39.67,7.14);
insert into dbo.OrdenDetalles values (272,1172,9002,2,21.64,3.9);
insert into dbo.OrdenDetalles values (273,1173,9006,2,26.4,4.75);
insert into dbo.OrdenDetalles values (274,1174,9004,18,36.99,6.66);
insert into dbo.OrdenDetalles values (275,1175,9003,16,33.33,6);
insert into dbo.OrdenDetalles values (276,1176,9007,5,26.65,4.8);
insert into dbo.OrdenDetalles values (277,1177,9008,4,31.49,5.67);
insert into dbo.OrdenDetalles values (278,1178,9008,11,39.42,7.1);
insert into dbo.OrdenDetalles values (279,1179,9008,7,23.42,4.22);
insert into dbo.OrdenDetalles values (280,1180,9006,6,20.57,3.7);
insert into dbo.OrdenDetalles values (281,1181,9006,9,13.15,2.37);
insert into dbo.OrdenDetalles values (282,1182,9002,15,30.76,5.54);
insert into dbo.OrdenDetalles values (283,1183,9002,16,12.17,2.19);
insert into dbo.OrdenDetalles values (284,1184,9008,9,14.56,2.62);
insert into dbo.OrdenDetalles values (285,1185,9002,12,16.46,2.96);
insert into dbo.OrdenDetalles values (286,1186,9002,16,37.52,6.75);
insert into dbo.OrdenDetalles values (287,1187,9004,11,15.58,2.8);
insert into dbo.OrdenDetalles values (288,1188,9001,16,27.94,5.03);
insert into dbo.OrdenDetalles values (289,1189,9001,14,17.44,3.14);
insert into dbo.OrdenDetalles values (290,1190,9002,1,20.33,3.66);
insert into dbo.OrdenDetalles values (291,1191,9007,16,34.76,6.26);
insert into dbo.OrdenDetalles values (292,1192,9005,3,42.54,7.66);
insert into dbo.OrdenDetalles values (293,1193,9006,6,28.85,5.19);
insert into dbo.OrdenDetalles values (294,1194,9005,3,23.2,4.18);
insert into dbo.OrdenDetalles values (295,1195,9010,20,31.16,5.61);
insert into dbo.OrdenDetalles values (296,1196,9004,15,44.49,8.01);
insert into dbo.OrdenDetalles values (297,1197,9005,11,27.16,4.89);
insert into dbo.OrdenDetalles values (298,1198,9006,19,18.79,3.38);
insert into dbo.OrdenDetalles values (299,1199,9007,7,44.77,8.06);
insert into dbo.OrdenDetalles values (300,1200,9009,10,31.29,5.63);
insert into dbo.OrdenDetalles values (301,1201,9002,1,43.11,7.76);
insert into dbo.OrdenDetalles values (302,1202,9005,19,31.1,5.6);
insert into dbo.OrdenDetalles values (303,1203,9007,15,33.83,6.09);
insert into dbo.OrdenDetalles values (304,1204,9007,17,44.14,7.95);
insert into dbo.OrdenDetalles values (305,1205,9002,2,44.72,8.05);
insert into dbo.OrdenDetalles values (306,1206,9010,1,27.28,4.91);
insert into dbo.OrdenDetalles values (307,1207,9005,14,27.65,4.98);
insert into dbo.OrdenDetalles values (308,1208,9006,14,14.83,2.67);
insert into dbo.OrdenDetalles values (309,1209,9003,15,37.27,6.71);
insert into dbo.OrdenDetalles values (310,1210,9009,9,30.32,5.46);
insert into dbo.OrdenDetalles values (311,1211,9008,7,23.97,4.31);
insert into dbo.OrdenDetalles values (312,1212,9003,3,23.28,4.19);
insert into dbo.OrdenDetalles values (313,1213,9007,9,12.03,2.17);
insert into dbo.OrdenDetalles values (314,1214,9003,18,18.92,3.41);
insert into dbo.OrdenDetalles values (315,1215,9002,1,39.89,7.18);
insert into dbo.OrdenDetalles values (316,1216,9002,11,32.18,5.79);
insert into dbo.OrdenDetalles values (317,1217,9008,19,37.4,6.73);
insert into dbo.OrdenDetalles values (318,1218,9002,4,11.82,2.13);
insert into dbo.OrdenDetalles values (319,1219,9010,20,18.54,3.34);
insert into dbo.OrdenDetalles values (320,1220,9003,17,27.14,4.89);
insert into dbo.OrdenDetalles values (321,1221,9009,10,42.89,7.72);
insert into dbo.OrdenDetalles values (322,1222,9009,20,35.22,6.34);
insert into dbo.OrdenDetalles values (323,1223,9003,8,37.46,6.74);
insert into dbo.OrdenDetalles values (324,1224,9004,11,37.68,6.78);
insert into dbo.OrdenDetalles values (325,1225,9006,14,10.44,1.88);
insert into dbo.OrdenDetalles values (326,1226,9009,13,12.06,2.17);
insert into dbo.OrdenDetalles values (327,1227,9002,8,16.69,3);
insert into dbo.OrdenDetalles values (328,1228,9007,5,15.03,2.71);
insert into dbo.OrdenDetalles values (329,1229,9002,5,34.6,6.23);
insert into dbo.OrdenDetalles values (330,1230,9008,6,11.36,2.04);
insert into dbo.OrdenDetalles values (331,1231,9010,8,19.68,3.54);
insert into dbo.OrdenDetalles values (332,1232,9010,9,42.74,7.69);
insert into dbo.OrdenDetalles values (333,1233,9010,18,39.01,7.02);
insert into dbo.OrdenDetalles values (334,1234,9008,7,16.34,2.94);
insert into dbo.OrdenDetalles values (335,1235,9008,9,30.22,5.44);
insert into dbo.OrdenDetalles values (336,1236,9005,4,40.69,7.32);
insert into dbo.OrdenDetalles values (337,1237,9004,15,44.69,8.04);
insert into dbo.OrdenDetalles values (338,1238,9006,5,38.13,6.86);
insert into dbo.OrdenDetalles values (339,1239,9005,3,44.1,7.94);
insert into dbo.OrdenDetalles values (340,1240,9002,15,39.96,7.19);
insert into dbo.OrdenDetalles values (341,1241,9005,18,17.58,3.16);
insert into dbo.OrdenDetalles values (342,1242,9006,7,12.64,2.28);
insert into dbo.OrdenDetalles values (343,1243,9006,15,37.45,6.74);
insert into dbo.OrdenDetalles values (344,1244,9007,2,15.16,2.73);
insert into dbo.OrdenDetalles values (345,1245,9008,4,21.61,3.89);
insert into dbo.OrdenDetalles values (346,1246,9010,7,27.06,4.87);
insert into dbo.OrdenDetalles values (347,1247,9001,14,42.79,7.7);
insert into dbo.OrdenDetalles values (348,1248,9009,12,22.61,4.07);
insert into dbo.OrdenDetalles values (349,1249,9008,9,12.94,2.33);
insert into dbo.OrdenDetalles values (350,1250,9003,11,16.18,2.91);
insert into dbo.OrdenDetalles values (351,1251,9003,18,27.2,4.9);
insert into dbo.OrdenDetalles values (352,1252,9008,14,12.52,2.25);
insert into dbo.OrdenDetalles values (353,1253,9006,4,30.57,5.5);
insert into dbo.OrdenDetalles values (354,1254,9008,14,12.05,2.17);
insert into dbo.OrdenDetalles values (355,1255,9008,18,35.11,6.32);
insert into dbo.OrdenDetalles values (356,1256,9001,17,39.25,7.07);
insert into dbo.OrdenDetalles values (357,1257,9004,7,32.15,5.79);
insert into dbo.OrdenDetalles values (358,1258,9003,15,39,7.02);
insert into dbo.OrdenDetalles values (359,1259,9002,1,21.46,3.86);
insert into dbo.OrdenDetalles values (360,1260,9007,16,42.24,7.6);
insert into dbo.OrdenDetalles values (361,1261,9008,18,11.67,2.1);
insert into dbo.OrdenDetalles values (362,1262,9003,1,31.58,5.68);
insert into dbo.OrdenDetalles values (363,1263,9008,15,28.52,5.13);
insert into dbo.OrdenDetalles values (364,1264,9007,5,32.96,5.93);
insert into dbo.OrdenDetalles values (365,1265,9001,14,38.01,6.84);
insert into dbo.OrdenDetalles values (366,1266,9008,5,24.29,4.37);
insert into dbo.OrdenDetalles values (367,1267,9009,17,38.09,6.86);
insert into dbo.OrdenDetalles values (368,1268,9006,8,40.28,7.25);
insert into dbo.OrdenDetalles values (369,1269,9010,20,40.53,7.3);
insert into dbo.OrdenDetalles values (370,1270,9004,1,36.27,6.53);
insert into dbo.OrdenDetalles values (371,1271,9004,8,25.83,4.65);
insert into dbo.OrdenDetalles values (372,1272,9002,1,42.21,7.6);
insert into dbo.OrdenDetalles values (373,1273,9010,7,21.83,3.93);
insert into dbo.OrdenDetalles values (374,1274,9003,5,31.78,5.72);
insert into dbo.OrdenDetalles values (375,1275,9009,9,27.06,4.87);
insert into dbo.OrdenDetalles values (376,1276,9005,2,32.97,5.93);
insert into dbo.OrdenDetalles values (377,1277,9003,10,43.72,7.87);
insert into dbo.OrdenDetalles values (378,1278,9008,11,32.3,5.81);
insert into dbo.OrdenDetalles values (379,1279,9007,14,17.61,3.17);
insert into dbo.OrdenDetalles values (380,1280,9003,15,29.05,5.23);
insert into dbo.OrdenDetalles values (381,1281,9004,16,43.09,7.76);
insert into dbo.OrdenDetalles values (382,1282,9010,10,28.13,5.06);
insert into dbo.OrdenDetalles values (383,1283,9005,1,10.09,1.82);
insert into dbo.OrdenDetalles values (384,1284,9009,16,44.3,7.97);
insert into dbo.OrdenDetalles values (385,1285,9009,2,15.11,2.72);
insert into dbo.OrdenDetalles values (386,1286,9001,5,14.97,2.69);
insert into dbo.OrdenDetalles values (387,1287,9010,5,10.11,1.82);
insert into dbo.OrdenDetalles values (388,1288,9005,6,39.07,7.03);
insert into dbo.OrdenDetalles values (389,1289,9002,17,41.59,7.49);
insert into dbo.OrdenDetalles values (390,1290,9003,12,10.66,1.92);
insert into dbo.OrdenDetalles values (391,1291,9010,7,26.91,4.84);
insert into dbo.OrdenDetalles values (392,1292,9001,2,41.41,7.45);
insert into dbo.OrdenDetalles values (393,1293,9008,20,10.9,1.96);
insert into dbo.OrdenDetalles values (394,1294,9010,7,42.17,7.59);
insert into dbo.OrdenDetalles values (395,1295,9002,20,19.81,3.57);
insert into dbo.OrdenDetalles values (396,1296,9004,11,37.31,6.72);
insert into dbo.OrdenDetalles values (397,1297,9005,7,18.68,3.36);
insert into dbo.OrdenDetalles values (398,1298,9006,9,17.37,3.13);
insert into dbo.OrdenDetalles values (399,1299,9001,8,24.54,4.42);
insert into dbo.OrdenDetalles values (400,1300,9002,2,27.83,5.01);
insert into dbo.OrdenDetalles values (401,1301,9006,13,13.55,2.44);
insert into dbo.OrdenDetalles values (402,1302,9003,7,15.29,2.75);
insert into dbo.OrdenDetalles values (403,1303,9007,15,23.79,4.28);
insert into dbo.OrdenDetalles values (404,1304,9010,3,34.46,6.2);
insert into dbo.OrdenDetalles values (405,1305,9006,14,35.15,6.33);
insert into dbo.OrdenDetalles values (406,1306,9006,17,25.38,4.57);
insert into dbo.OrdenDetalles values (407,1307,9008,14,20.64,3.72);
insert into dbo.OrdenDetalles values (408,1308,9007,18,13.92,2.51);
insert into dbo.OrdenDetalles values (409,1309,9001,13,44.26,7.97);
insert into dbo.OrdenDetalles values (410,1310,9009,11,25.49,4.59);
insert into dbo.OrdenDetalles values (411,1311,9008,6,41.26,7.43);
insert into dbo.OrdenDetalles values (412,1312,9009,11,42.1,7.58);
insert into dbo.OrdenDetalles values (413,1313,9007,12,43.46,7.82);
insert into dbo.OrdenDetalles values (414,1314,9003,13,24.18,4.35);
insert into dbo.OrdenDetalles values (415,1315,9006,14,38.24,6.88);
insert into dbo.OrdenDetalles values (416,1316,9004,19,33.53,6.04);
insert into dbo.OrdenDetalles values (417,1317,9001,18,17.68,3.18);
insert into dbo.OrdenDetalles values (418,1318,9008,17,17.04,3.07);
insert into dbo.OrdenDetalles values (419,1319,9007,9,37.96,6.83);
insert into dbo.OrdenDetalles values (420,1320,9009,10,20.05,3.61);
insert into dbo.OrdenDetalles values (421,1321,9002,4,16,2.88);
insert into dbo.OrdenDetalles values (422,1322,9010,18,41.58,7.48);
insert into dbo.OrdenDetalles values (423,1323,9006,13,17.99,3.24);
insert into dbo.OrdenDetalles values (424,1324,9006,19,10.9,1.96);
insert into dbo.OrdenDetalles values (425,1325,9008,5,40.59,7.31);
insert into dbo.OrdenDetalles values (426,1326,9010,17,25.24,4.54);
insert into dbo.OrdenDetalles values (427,1327,9001,18,40.08,7.21);
insert into dbo.OrdenDetalles values (428,1328,9007,16,33.57,6.04);
insert into dbo.OrdenDetalles values (429,1329,9006,3,13.98,2.52);
insert into dbo.OrdenDetalles values (430,1330,9004,9,37.6,6.77);
insert into dbo.OrdenDetalles values (431,1331,9004,11,32.76,5.9);
insert into dbo.OrdenDetalles values (432,1332,9007,19,19.23,3.46);
insert into dbo.OrdenDetalles values (433,1333,9010,8,30.7,5.53);
insert into dbo.OrdenDetalles values (434,1334,9009,6,12.5,2.25);
insert into dbo.OrdenDetalles values (435,1335,9008,4,31.86,5.73);
insert into dbo.OrdenDetalles values (436,1336,9009,7,31.55,5.68);
insert into dbo.OrdenDetalles values (437,1337,9002,2,14.93,2.69);
insert into dbo.OrdenDetalles values (438,1338,9010,17,38.74,6.97);
insert into dbo.OrdenDetalles values (439,1339,9006,11,42.26,7.61);
insert into dbo.OrdenDetalles values (440,1340,9010,13,26.83,4.83);
insert into dbo.OrdenDetalles values (441,1341,9003,4,19.65,3.54);
insert into dbo.OrdenDetalles values (442,1342,9001,20,15.05,2.71);
insert into dbo.OrdenDetalles values (443,1343,9005,18,40.23,7.24);
insert into dbo.OrdenDetalles values (444,1344,9010,10,40.54,7.3);
insert into dbo.OrdenDetalles values (445,1345,9002,5,33.85,6.09);
insert into dbo.OrdenDetalles values (446,1346,9004,13,25.69,4.62);
insert into dbo.OrdenDetalles values (447,1347,9003,18,18.95,3.41);
insert into dbo.OrdenDetalles values (448,1348,9009,6,23.51,4.23);
insert into dbo.OrdenDetalles values (449,1349,9010,2,25.35,4.56);
insert into dbo.OrdenDetalles values (450,1350,9010,7,30.5,5.49);
insert into dbo.OrdenDetalles values (451,1351,9010,10,10.96,1.97);
insert into dbo.OrdenDetalles values (452,1352,9010,1,24.08,4.33);
insert into dbo.OrdenDetalles values (453,1353,9010,11,31.46,5.66);
insert into dbo.OrdenDetalles values (454,1354,9009,3,43.71,7.87);
insert into dbo.OrdenDetalles values (455,1355,9005,7,10.63,1.91);
insert into dbo.OrdenDetalles values (456,1356,9008,1,17.03,3.07);
insert into dbo.OrdenDetalles values (457,1357,9004,11,20.23,3.64);
insert into dbo.OrdenDetalles values (458,1358,9006,15,13.09,2.36);
insert into dbo.OrdenDetalles values (459,1359,9010,10,22.98,4.14);
insert into dbo.OrdenDetalles values (460,1360,9006,8,41.36,7.44);
insert into dbo.OrdenDetalles values (461,1361,9007,9,18.73,3.37);
insert into dbo.OrdenDetalles values (462,1362,9006,11,17.22,3.1);
insert into dbo.OrdenDetalles values (463,1363,9006,14,34.5,6.21);
insert into dbo.OrdenDetalles values (464,1364,9006,17,13.21,2.38);
insert into dbo.OrdenDetalles values (465,1365,9004,10,36.63,6.59);
insert into dbo.OrdenDetalles values (466,1366,9008,2,30.09,5.42);
insert into dbo.OrdenDetalles values (467,1367,9003,19,23.54,4.24);
insert into dbo.OrdenDetalles values (468,1368,9009,19,27.93,5.03);
insert into dbo.OrdenDetalles values (469,1369,9005,10,33.73,6.07);
insert into dbo.OrdenDetalles values (470,1370,9008,17,44.06,7.93);
insert into dbo.OrdenDetalles values (471,1371,9007,9,27.85,5.01);
insert into dbo.OrdenDetalles values (472,1372,9007,19,40.88,7.36);
insert into dbo.OrdenDetalles values (473,1373,9003,12,11.77,2.12);
insert into dbo.OrdenDetalles values (474,1374,9006,8,35.52,6.39);
insert into dbo.OrdenDetalles values (475,1375,9002,5,12.63,2.27);
insert into dbo.OrdenDetalles values (476,1376,9001,2,43.6,7.85);
insert into dbo.OrdenDetalles values (477,1377,9010,4,28.39,5.11);
insert into dbo.OrdenDetalles values (478,1378,9007,15,10.03,1.81);
insert into dbo.OrdenDetalles values (479,1379,9002,1,37.34,6.72);
insert into dbo.OrdenDetalles values (480,1380,9003,9,33.23,5.98);
insert into dbo.OrdenDetalles values (481,1381,9010,5,28.22,5.08);
insert into dbo.OrdenDetalles values (482,1382,9003,7,27.02,4.86);
insert into dbo.OrdenDetalles values (483,1383,9009,11,33.02,5.94);
insert into dbo.OrdenDetalles values (484,1384,9004,9,16.47,2.96);
insert into dbo.OrdenDetalles values (485,1385,9006,6,42.03,7.57);
insert into dbo.OrdenDetalles values (486,1386,9007,16,44.87,8.08);
insert into dbo.OrdenDetalles values (487,1387,9006,15,10.98,1.98);
insert into dbo.OrdenDetalles values (488,1388,9001,18,22.86,4.11);
insert into dbo.OrdenDetalles values (489,1389,9006,5,21.09,3.8);
insert into dbo.OrdenDetalles values (490,1390,9005,16,20.4,3.67);
insert into dbo.OrdenDetalles values (491,1391,9010,3,38.24,6.88);
insert into dbo.OrdenDetalles values (492,1392,9003,6,39.11,7.04);
insert into dbo.OrdenDetalles values (493,1393,9003,8,28.17,5.07);
insert into dbo.OrdenDetalles values (494,1394,9008,2,32.89,5.92);
insert into dbo.OrdenDetalles values (495,1395,9006,10,19.04,3.43);
insert into dbo.OrdenDetalles values (496,1396,9008,9,43.97,7.91);
insert into dbo.OrdenDetalles values (497,1397,9006,15,17.48,3.15);
insert into dbo.OrdenDetalles values (498,1398,9010,5,20.55,3.7);
insert into dbo.OrdenDetalles values (499,1399,9008,14,26.61,4.79);
insert into dbo.OrdenDetalles values (500,1400,9010,20,17.77,3.2);
insert into dbo.OrdenDetalles values (501,1401,9001,5,40.54,7.3);
insert into dbo.OrdenDetalles values (502,1402,9002,13,22.07,3.97);
insert into dbo.OrdenDetalles values (503,1403,9003,3,17.46,3.14);
insert into dbo.OrdenDetalles values (504,1404,9003,9,21.77,3.92);
insert into dbo.OrdenDetalles values (505,1405,9003,17,35.47,6.38);
insert into dbo.OrdenDetalles values (506,1406,9001,10,25.2,4.54);
insert into dbo.OrdenDetalles values (507,1407,9009,12,35.79,6.44);
insert into dbo.OrdenDetalles values (508,1408,9006,14,22.07,3.97);
insert into dbo.OrdenDetalles values (509,1409,9001,18,32.09,5.78);
insert into dbo.OrdenDetalles values (510,1410,9009,4,23.03,4.15);
insert into dbo.OrdenDetalles values (511,1411,9001,17,30.05,5.41);
insert into dbo.OrdenDetalles values (512,1412,9001,5,41.34,7.44);
insert into dbo.OrdenDetalles values (513,1413,9001,7,26.88,4.84);
insert into dbo.OrdenDetalles values (514,1414,9004,17,14.68,2.64);
insert into dbo.OrdenDetalles values (515,1415,9009,11,12.83,2.31);
insert into dbo.OrdenDetalles values (516,1416,9002,16,14.68,2.64);
insert into dbo.OrdenDetalles values (517,1417,9010,14,23.99,4.32);
insert into dbo.OrdenDetalles values (518,1418,9001,4,40.64,7.32);
insert into dbo.OrdenDetalles values (519,1419,9003,3,10.83,1.95);
insert into dbo.OrdenDetalles values (520,1420,9010,6,12.75,2.3);
insert into dbo.OrdenDetalles values (521,1421,9007,19,39.53,7.12);
insert into dbo.OrdenDetalles values (522,1422,9009,8,28.69,5.16);
insert into dbo.OrdenDetalles values (523,1423,9002,14,31.14,5.61);
insert into dbo.OrdenDetalles values (524,1424,9001,17,23.49,4.23);
insert into dbo.OrdenDetalles values (525,1425,9004,2,24.88,4.48);
insert into dbo.OrdenDetalles values (526,1426,9006,14,13.67,2.46);
insert into dbo.OrdenDetalles values (527,1427,9004,11,39.81,7.17);
insert into dbo.OrdenDetalles values (528,1428,9002,8,20.6,3.71);
insert into dbo.OrdenDetalles values (529,1429,9003,7,13.26,2.39);
insert into dbo.OrdenDetalles values (530,1430,9009,17,39.29,7.07);
insert into dbo.OrdenDetalles values (531,1431,9004,20,20.04,3.61);
insert into dbo.OrdenDetalles values (532,1432,9003,8,16.74,3.01);
insert into dbo.OrdenDetalles values (533,1433,9006,15,20.53,3.7);
insert into dbo.OrdenDetalles values (534,1434,9007,19,18.28,3.29);
insert into dbo.OrdenDetalles values (535,1435,9009,9,25.4,4.57);
insert into dbo.OrdenDetalles values (536,1436,9001,6,41.55,7.48);
insert into dbo.OrdenDetalles values (537,1437,9007,5,43.75,7.88);
insert into dbo.OrdenDetalles values (538,1438,9004,15,39.35,7.08);
insert into dbo.OrdenDetalles values (539,1439,9004,10,14.3,2.57);
insert into dbo.OrdenDetalles values (540,1440,9007,4,20.98,3.78);
insert into dbo.OrdenDetalles values (541,1441,9004,3,40.58,7.3);
insert into dbo.OrdenDetalles values (542,1442,9003,7,41.64,7.5);
insert into dbo.OrdenDetalles values (543,1443,9005,19,21.7,3.91);
insert into dbo.OrdenDetalles values (544,1444,9004,10,26.62,4.79);
insert into dbo.OrdenDetalles values (545,1445,9004,9,20.52,3.69);
insert into dbo.OrdenDetalles values (546,1446,9001,14,12.03,2.17);
insert into dbo.OrdenDetalles values (547,1447,9004,5,13.9,2.5);
insert into dbo.OrdenDetalles values (548,1448,9002,1,28.73,5.17);
insert into dbo.OrdenDetalles values (549,1449,9002,14,13.22,2.38);
insert into dbo.OrdenDetalles values (550,1450,9003,10,10.51,1.89);
insert into dbo.OrdenDetalles values (551,1451,9007,10,31.28,5.63);
insert into dbo.OrdenDetalles values (552,1452,9005,11,19.17,3.45);
insert into dbo.OrdenDetalles values (553,1453,9008,2,12.66,2.28);
insert into dbo.OrdenDetalles values (554,1454,9001,19,18.34,3.3);
insert into dbo.OrdenDetalles values (555,1455,9009,14,10.09,1.82);
insert into dbo.OrdenDetalles values (556,1456,9006,10,26.86,4.83);
insert into dbo.OrdenDetalles values (557,1457,9001,16,18.68,3.36);
insert into dbo.OrdenDetalles values (558,1458,9009,10,35.9,6.46);
insert into dbo.OrdenDetalles values (559,1459,9009,19,20.33,3.66);
insert into dbo.OrdenDetalles values (560,1460,9003,4,13.55,2.44);
insert into dbo.OrdenDetalles values (561,1461,9010,12,17.06,3.07);
insert into dbo.OrdenDetalles values (562,1462,9005,20,34.31,6.18);
insert into dbo.OrdenDetalles values (563,1463,9003,2,39.08,7.03);
insert into dbo.OrdenDetalles values (564,1464,9008,14,15.6,2.81);
insert into dbo.OrdenDetalles values (565,1465,9004,1,30.64,5.52);
insert into dbo.OrdenDetalles values (566,1466,9004,17,21.93,3.95);
insert into dbo.OrdenDetalles values (567,1467,9009,13,24.95,4.49);
insert into dbo.OrdenDetalles values (568,1468,9007,1,43.21,7.78);
insert into dbo.OrdenDetalles values (569,1469,9009,1,16.37,2.95);
insert into dbo.OrdenDetalles values (570,1470,9004,2,32.7,5.89);
insert into dbo.OrdenDetalles values (571,1471,9002,13,17.27,3.11);
insert into dbo.OrdenDetalles values (572,1472,9009,10,28.5,5.13);
insert into dbo.OrdenDetalles values (573,1473,9006,18,16.84,3.03);
insert into dbo.OrdenDetalles values (574,1474,9001,9,12.57,2.26);
insert into dbo.OrdenDetalles values (575,1475,9002,1,33.44,6.02);
insert into dbo.OrdenDetalles values (576,1476,9005,9,20.5,3.69);
insert into dbo.OrdenDetalles values (577,1477,9004,11,26.91,4.84);
insert into dbo.OrdenDetalles values (578,1478,9004,14,35.67,6.42);
insert into dbo.OrdenDetalles values (579,1479,9002,1,15.48,2.79);
insert into dbo.OrdenDetalles values (580,1480,9004,3,43.38,7.81);
insert into dbo.OrdenDetalles values (581,1481,9007,16,26.21,4.72);
insert into dbo.OrdenDetalles values (582,1482,9010,7,37.6,6.77);
insert into dbo.OrdenDetalles values (583,1483,9010,17,29.49,5.31);
insert into dbo.OrdenDetalles values (584,1484,9006,16,30.88,5.56);
insert into dbo.OrdenDetalles values (585,1485,9010,4,12,2.16);
insert into dbo.OrdenDetalles values (586,1486,9004,1,38.31,6.9);
insert into dbo.OrdenDetalles values (587,1487,9003,17,14.64,2.64);
insert into dbo.OrdenDetalles values (588,1488,9003,10,35.26,6.35);
insert into dbo.OrdenDetalles values (589,1489,9002,3,32.67,5.88);
insert into dbo.OrdenDetalles values (590,1490,9003,15,36.22,6.52);
insert into dbo.OrdenDetalles values (591,1491,9002,19,23.83,4.29);
insert into dbo.OrdenDetalles values (592,1492,9009,1,36.48,6.57);
insert into dbo.OrdenDetalles values (593,1493,9007,12,11.01,1.98);
insert into dbo.OrdenDetalles values (594,1494,9007,2,37.06,6.67);
insert into dbo.OrdenDetalles values (595,1495,9007,9,27.46,4.94);
insert into dbo.OrdenDetalles values (596,1496,9009,19,14.3,2.57);
insert into dbo.OrdenDetalles values (597,1497,9006,10,44.09,7.94);
insert into dbo.OrdenDetalles values (598,1498,9007,10,18.28,3.29);
insert into dbo.OrdenDetalles values (599,1499,9010,12,13.48,2.43);
insert into dbo.OrdenDetalles values (600,1500,9009,1,10.94,1.97);
insert into dbo.OrdenDetalles values (601,1501,9002,16,35.84,6.45);
insert into dbo.OrdenDetalles values (602,1502,9001,7,24.27,4.37);
insert into dbo.OrdenDetalles values (603,1503,9006,3,35.37,6.37);
insert into dbo.OrdenDetalles values (604,1504,9003,3,29.45,5.3);
insert into dbo.OrdenDetalles values (605,1505,9005,17,28.69,5.16);
insert into dbo.OrdenDetalles values (606,1506,9002,7,33.23,5.98);
insert into dbo.OrdenDetalles values (607,1507,9002,18,14.09,2.54);
insert into dbo.OrdenDetalles values (608,1508,9003,5,19.47,3.5);
insert into dbo.OrdenDetalles values (609,1509,9008,2,42.38,7.63);
insert into dbo.OrdenDetalles values (610,1510,9007,6,24.58,4.42);
insert into dbo.OrdenDetalles values (611,1511,9010,3,23.46,4.22);
insert into dbo.OrdenDetalles values (612,1512,9002,20,23.24,4.18);
insert into dbo.OrdenDetalles values (613,1513,9010,10,31.95,5.75);
insert into dbo.OrdenDetalles values (614,1514,9002,14,37.57,6.76);
insert into dbo.OrdenDetalles values (615,1515,9004,8,18.42,3.32);
insert into dbo.OrdenDetalles values (616,1516,9004,15,19.04,3.43);
insert into dbo.OrdenDetalles values (617,1517,9008,3,18.65,3.36);
insert into dbo.OrdenDetalles values (618,1518,9006,10,11.25,2.03);
insert into dbo.OrdenDetalles values (619,1519,9001,4,32.67,5.88);
insert into dbo.OrdenDetalles values (620,1520,9002,8,44.24,7.96);
insert into dbo.OrdenDetalles values (621,1521,9005,7,28.29,5.09);
insert into dbo.OrdenDetalles values (622,1522,9008,10,31.99,5.76);
insert into dbo.OrdenDetalles values (623,1523,9008,6,18.89,3.4);
insert into dbo.OrdenDetalles values (624,1524,9004,4,20.19,3.63);
insert into dbo.OrdenDetalles values (625,1525,9001,3,10.6,1.91);
insert into dbo.OrdenDetalles values (626,1526,9001,16,22.76,4.1);
insert into dbo.OrdenDetalles values (627,1527,9006,8,38.59,6.95);
insert into dbo.OrdenDetalles values (628,1528,9005,6,40.22,7.24);
insert into dbo.OrdenDetalles values (629,1529,9009,2,25.22,4.54);
insert into dbo.OrdenDetalles values (630,1530,9002,8,24.45,4.4);
insert into dbo.OrdenDetalles values (631,1531,9001,16,32.51,5.85);
insert into dbo.OrdenDetalles values (632,1532,9007,15,15.95,2.87);
insert into dbo.OrdenDetalles values (633,1533,9010,1,17.05,3.07);
insert into dbo.OrdenDetalles values (634,1534,9009,4,34.16,6.15);
insert into dbo.OrdenDetalles values (635,1535,9002,1,32.7,5.89);
insert into dbo.OrdenDetalles values (636,1536,9001,17,26.07,4.69);
insert into dbo.OrdenDetalles values (637,1537,9010,4,42.43,7.64);
insert into dbo.OrdenDetalles values (638,1538,9006,7,39.48,7.11);
insert into dbo.OrdenDetalles values (639,1539,9002,13,12.5,2.25);
insert into dbo.OrdenDetalles values (640,1540,9004,9,41.99,7.56);
insert into dbo.OrdenDetalles values (641,1541,9005,8,35.25,6.35);
insert into dbo.OrdenDetalles values (642,1542,9003,18,20.26,3.65);
insert into dbo.OrdenDetalles values (643,1543,9001,17,35.56,6.4);
insert into dbo.OrdenDetalles values (644,1544,9008,11,38.81,6.99);
insert into dbo.OrdenDetalles values (645,1545,9003,19,42.28,7.61);
insert into dbo.OrdenDetalles values (646,1546,9008,1,18.85,3.39);
insert into dbo.OrdenDetalles values (647,1547,9010,8,31.21,5.62);
insert into dbo.OrdenDetalles values (648,1548,9006,12,43.45,7.82);
insert into dbo.OrdenDetalles values (649,1549,9004,3,44.83,8.07);
insert into dbo.OrdenDetalles values (650,1550,9007,8,44.32,7.98);
insert into dbo.OrdenDetalles values (651,1551,9007,10,23.8,4.28);
insert into dbo.OrdenDetalles values (652,1552,9004,13,44.31,7.98);
insert into dbo.OrdenDetalles values (653,1553,9005,10,37.18,6.69);
insert into dbo.OrdenDetalles values (654,1554,9005,8,20.37,3.67);
insert into dbo.OrdenDetalles values (655,1555,9006,18,19.63,3.53);
insert into dbo.OrdenDetalles values (656,1556,9009,9,32.74,5.89);
insert into dbo.OrdenDetalles values (657,1557,9010,1,38.99,7.02);
insert into dbo.OrdenDetalles values (658,1558,9002,20,20.66,3.72);
insert into dbo.OrdenDetalles values (659,1559,9008,4,39.15,7.05);
insert into dbo.OrdenDetalles values (660,1560,9003,7,16.16,2.91);
insert into dbo.OrdenDetalles values (661,1561,9004,15,12.19,2.19);
insert into dbo.OrdenDetalles values (662,1562,9006,6,40.85,7.35);
insert into dbo.OrdenDetalles values (663,1563,9008,11,17.19,3.09);
insert into dbo.OrdenDetalles values (664,1564,9004,5,15.36,2.76);
insert into dbo.OrdenDetalles values (665,1565,9005,8,23.99,4.32);
insert into dbo.OrdenDetalles values (666,1566,9010,6,44.83,8.07);
insert into dbo.OrdenDetalles values (667,1567,9008,3,38.91,7);
insert into dbo.OrdenDetalles values (668,1568,9010,19,21.96,3.95);
insert into dbo.OrdenDetalles values (669,1569,9010,17,12.19,2.19);
insert into dbo.OrdenDetalles values (670,1570,9007,2,41.37,7.45);
insert into dbo.OrdenDetalles values (671,1571,9005,7,31.02,5.58);
insert into dbo.OrdenDetalles values (672,1572,9010,18,44.06,7.93);
insert into dbo.OrdenDetalles values (673,1573,9006,1,28.11,5.06);
insert into dbo.OrdenDetalles values (674,1574,9010,1,42.05,7.57);
insert into dbo.OrdenDetalles values (675,1575,9010,17,24.82,4.47);
insert into dbo.OrdenDetalles values (676,1576,9005,3,40.8,7.34);
insert into dbo.OrdenDetalles values (677,1577,9003,19,35.08,6.31);
insert into dbo.OrdenDetalles values (678,1578,9008,11,36.66,6.6);
insert into dbo.OrdenDetalles values (679,1579,9004,13,37.82,6.81);
insert into dbo.OrdenDetalles values (680,1580,9001,17,14.54,2.62);
insert into dbo.OrdenDetalles values (681,1581,9010,10,26.81,4.83);
insert into dbo.OrdenDetalles values (682,1582,9004,6,10.95,1.97);
insert into dbo.OrdenDetalles values (683,1583,9005,19,18.43,3.32);
insert into dbo.OrdenDetalles values (684,1584,9007,4,36.52,6.57);
insert into dbo.OrdenDetalles values (685,1585,9004,14,20.41,3.67);
insert into dbo.OrdenDetalles values (686,1586,9002,3,12.58,2.26);
insert into dbo.OrdenDetalles values (687,1587,9007,20,23.49,4.23);
insert into dbo.OrdenDetalles values (688,1588,9008,4,12.85,2.31);
insert into dbo.OrdenDetalles values (689,1589,9002,7,26.74,4.81);
insert into dbo.OrdenDetalles values (690,1590,9010,1,22.09,3.98);
insert into dbo.OrdenDetalles values (691,1591,9008,14,11.16,2.01);
insert into dbo.OrdenDetalles values (692,1592,9004,3,34.32,6.18);
insert into dbo.OrdenDetalles values (693,1593,9002,5,19.78,3.56);
insert into dbo.OrdenDetalles values (694,1594,9005,4,32.92,5.93);
insert into dbo.OrdenDetalles values (695,1595,9008,14,29.61,5.33);
insert into dbo.OrdenDetalles values (696,1596,9006,17,39.24,7.06);
insert into dbo.OrdenDetalles values (697,1597,9004,1,30.31,5.46);
insert into dbo.OrdenDetalles values (698,1598,9003,16,24.82,4.47);
insert into dbo.OrdenDetalles values (699,1599,9008,14,39.56,7.12);
insert into dbo.OrdenDetalles values (700,1600,9006,16,20.81,3.75);
insert into dbo.OrdenDetalles values (701,1601,9003,3,14.81,2.67);
insert into dbo.OrdenDetalles values (702,1602,9010,9,41.51,7.47);
insert into dbo.OrdenDetalles values (703,1603,9008,20,43.25,7.79);
insert into dbo.OrdenDetalles values (704,1604,9007,8,17.6,3.17);
insert into dbo.OrdenDetalles values (705,1605,9008,11,33.11,5.96);
insert into dbo.OrdenDetalles values (706,1606,9006,9,15,2.7);
insert into dbo.OrdenDetalles values (707,1607,9003,9,25.3,4.55);
insert into dbo.OrdenDetalles values (708,1608,9004,1,29.7,5.35);
insert into dbo.OrdenDetalles values (709,1609,9008,9,21.9,3.94);
insert into dbo.OrdenDetalles values (710,1610,9007,20,43.4,7.81);
insert into dbo.OrdenDetalles values (711,1611,9010,12,28.32,5.1);
insert into dbo.OrdenDetalles values (712,1612,9007,14,26.86,4.83);
insert into dbo.OrdenDetalles values (713,1613,9003,20,16.45,2.96);
insert into dbo.OrdenDetalles values (714,1614,9006,17,16.7,3.01);
insert into dbo.OrdenDetalles values (715,1615,9003,7,38.53,6.94);
insert into dbo.OrdenDetalles values (716,1616,9008,13,44.27,7.97);
insert into dbo.OrdenDetalles values (717,1617,9002,1,11.13,2);
insert into dbo.OrdenDetalles values (718,1618,9009,1,12.39,2.23);
insert into dbo.OrdenDetalles values (719,1619,9004,12,40.58,7.3);
insert into dbo.OrdenDetalles values (720,1620,9007,14,35.02,6.3);
insert into dbo.OrdenDetalles values (721,1621,9007,4,12.46,2.24);
insert into dbo.OrdenDetalles values (722,1622,9001,20,16.55,2.98);
insert into dbo.OrdenDetalles values (723,1623,9006,14,30.81,5.55);
insert into dbo.OrdenDetalles values (724,1624,9002,19,42.14,7.59);
insert into dbo.OrdenDetalles values (725,1625,9010,7,12.68,2.28);
insert into dbo.OrdenDetalles values (726,1626,9009,12,25.86,4.65);
insert into dbo.OrdenDetalles values (727,1627,9010,14,30.78,5.54);
insert into dbo.OrdenDetalles values (728,1628,9007,4,15.23,2.74);
insert into dbo.OrdenDetalles values (729,1629,9002,12,40.03,7.21);
insert into dbo.OrdenDetalles values (730,1630,9009,17,32.61,5.87);
insert into dbo.OrdenDetalles values (731,1631,9001,2,27.66,4.98);
insert into dbo.OrdenDetalles values (732,1632,9009,12,40.12,7.22);
insert into dbo.OrdenDetalles values (733,1633,9004,3,39.11,7.04);
insert into dbo.OrdenDetalles values (734,1634,9007,12,20.83,3.75);
insert into dbo.OrdenDetalles values (735,1635,9001,4,33.77,6.08);
insert into dbo.OrdenDetalles values (736,1636,9002,9,27.4,4.93);
insert into dbo.OrdenDetalles values (737,1637,9006,6,35.34,6.36);
insert into dbo.OrdenDetalles values (738,1638,9006,2,13.24,2.38);
insert into dbo.OrdenDetalles values (739,1639,9010,11,44.87,8.08);
insert into dbo.OrdenDetalles values (740,1640,9001,12,23.5,4.23);
insert into dbo.OrdenDetalles values (741,1641,9004,2,13.38,2.41);
insert into dbo.OrdenDetalles values (742,1642,9005,17,19.57,3.52);
insert into dbo.OrdenDetalles values (743,1643,9001,8,24.91,4.48);
insert into dbo.OrdenDetalles values (744,1644,9003,15,34.9,6.28);
insert into dbo.OrdenDetalles values (745,1645,9010,19,31.78,5.72);
insert into dbo.OrdenDetalles values (746,1646,9004,16,42.51,7.65);
insert into dbo.OrdenDetalles values (747,1647,9008,20,37.29,6.71);
insert into dbo.OrdenDetalles values (748,1648,9005,20,44.71,8.05);
insert into dbo.OrdenDetalles values (749,1649,9007,2,42.88,7.72);
insert into dbo.OrdenDetalles values (750,1650,9010,17,11.67,2.1);
insert into dbo.OrdenDetalles values (751,1651,9003,16,13.19,2.37);
insert into dbo.OrdenDetalles values (752,1652,9010,6,17.28,3.11);
insert into dbo.OrdenDetalles values (753,1653,9002,13,12.31,2.22);
insert into dbo.OrdenDetalles values (754,1654,9003,8,27.81,5.01);
insert into dbo.OrdenDetalles values (755,1655,9004,9,32.78,5.9);
insert into dbo.OrdenDetalles values (756,1656,9001,14,28.8,5.18);
insert into dbo.OrdenDetalles values (757,1657,9008,11,32.18,5.79);
insert into dbo.OrdenDetalles values (758,1658,9008,16,30.75,5.54);
insert into dbo.OrdenDetalles values (759,1659,9003,4,25.19,4.53);
insert into dbo.OrdenDetalles values (760,1660,9001,6,34.43,6.2);
insert into dbo.OrdenDetalles values (761,1661,9002,14,17.98,3.24);
insert into dbo.OrdenDetalles values (762,1662,9008,2,18.24,3.28);
insert into dbo.OrdenDetalles values (763,1663,9001,8,30.41,5.47);
insert into dbo.OrdenDetalles values (764,1664,9007,5,25.71,4.63);
insert into dbo.OrdenDetalles values (765,1665,9005,18,39.78,7.16);
insert into dbo.OrdenDetalles values (766,1666,9002,7,26.71,4.81);
insert into dbo.OrdenDetalles values (767,1667,9001,10,14.21,2.56);
insert into dbo.OrdenDetalles values (768,1668,9006,13,33.87,6.1);
insert into dbo.OrdenDetalles values (769,1669,9007,5,13.96,2.51);
insert into dbo.OrdenDetalles values (770,1670,9008,19,38.52,6.93);
insert into dbo.OrdenDetalles values (771,1671,9009,7,40.23,7.24);
insert into dbo.OrdenDetalles values (772,1672,9002,14,42.33,7.62);
insert into dbo.OrdenDetalles values (773,1673,9002,20,23.49,4.23);
insert into dbo.OrdenDetalles values (774,1674,9005,10,32.46,5.84);
insert into dbo.OrdenDetalles values (775,1675,9007,2,16.62,2.99);
insert into dbo.OrdenDetalles values (776,1676,9008,3,24.42,4.4);
insert into dbo.OrdenDetalles values (777,1677,9008,3,12.74,2.29);
insert into dbo.OrdenDetalles values (778,1678,9004,10,38.85,6.99);
insert into dbo.OrdenDetalles values (779,1679,9002,12,41.76,7.52);
insert into dbo.OrdenDetalles values (780,1680,9003,8,22.82,4.11);
insert into dbo.OrdenDetalles values (781,1681,9005,2,35.87,6.46);
insert into dbo.OrdenDetalles values (782,1682,9006,9,29.18,5.25);
insert into dbo.OrdenDetalles values (783,1683,9009,12,38.43,6.92);
insert into dbo.OrdenDetalles values (784,1684,9001,10,25.13,4.52);
insert into dbo.OrdenDetalles values (785,1685,9008,5,38.36,6.9);
insert into dbo.OrdenDetalles values (786,1686,9004,1,28.45,5.12);
insert into dbo.OrdenDetalles values (787,1687,9010,11,42.58,7.66);
insert into dbo.OrdenDetalles values (788,1688,9003,16,12.46,2.24);
insert into dbo.OrdenDetalles values (789,1689,9005,4,32.77,5.9);
insert into dbo.OrdenDetalles values (790,1690,9007,20,34.45,6.2);
insert into dbo.OrdenDetalles values (791,1691,9009,12,44.48,8.01);
insert into dbo.OrdenDetalles values (792,1692,9007,3,14.59,2.63);
insert into dbo.OrdenDetalles values (793,1693,9004,9,44.77,8.06);
insert into dbo.OrdenDetalles values (794,1694,9010,4,14.66,2.64);
insert into dbo.OrdenDetalles values (795,1695,9004,5,23.06,4.15);
insert into dbo.OrdenDetalles values (796,1696,9002,11,29.54,5.32);
insert into dbo.OrdenDetalles values (797,1697,9010,20,30.81,5.55);
insert into dbo.OrdenDetalles values (798,1698,9007,9,34.71,6.25);
insert into dbo.OrdenDetalles values (799,1699,9007,1,22.69,4.08);
insert into dbo.OrdenDetalles values (800,1700,9007,6,43.18,7.77);
insert into dbo.OrdenDetalles values (801,1701,9006,9,42.19,7.59);
insert into dbo.OrdenDetalles values (802,1702,9007,4,24.39,4.39);
insert into dbo.OrdenDetalles values (803,1703,9007,13,40.39,7.27);
insert into dbo.OrdenDetalles values (804,1704,9002,1,16.52,2.97);
insert into dbo.OrdenDetalles values (805,1705,9004,11,17.59,3.17);
insert into dbo.OrdenDetalles values (806,1706,9004,12,36.28,6.53);
insert into dbo.OrdenDetalles values (807,1707,9006,18,39.51,7.11);
insert into dbo.OrdenDetalles values (808,1708,9004,14,28.31,5.1);
insert into dbo.OrdenDetalles values (809,1709,9002,15,24.92,4.49);
insert into dbo.OrdenDetalles values (810,1710,9010,9,39.35,7.08);
insert into dbo.OrdenDetalles values (811,1711,9005,12,24.25,4.37);
insert into dbo.OrdenDetalles values (812,1712,9006,1,43.64,7.86);
insert into dbo.OrdenDetalles values (813,1713,9008,2,15.8,2.84);
insert into dbo.OrdenDetalles values (814,1714,9009,17,19.58,3.52);
insert into dbo.OrdenDetalles values (815,1715,9010,5,44.42,8);
insert into dbo.OrdenDetalles values (816,1716,9010,2,23.52,4.23);
insert into dbo.OrdenDetalles values (817,1717,9003,19,30.26,5.45);
insert into dbo.OrdenDetalles values (818,1718,9010,20,25.89,4.66);
insert into dbo.OrdenDetalles values (819,1719,9007,2,29.22,5.26);
insert into dbo.OrdenDetalles values (820,1720,9007,7,18.28,3.29);
insert into dbo.OrdenDetalles values (821,1721,9004,1,11.34,2.04);
insert into dbo.OrdenDetalles values (822,1722,9005,3,44.7,8.05);
insert into dbo.OrdenDetalles values (823,1723,9003,12,37.01,6.66);
insert into dbo.OrdenDetalles values (824,1724,9009,17,26.48,4.77);
insert into dbo.OrdenDetalles values (825,1725,9001,13,19.91,3.58);
insert into dbo.OrdenDetalles values (826,1726,9008,18,23.81,4.29);
insert into dbo.OrdenDetalles values (827,1727,9009,7,17.58,3.16);
insert into dbo.OrdenDetalles values (828,1728,9005,20,32.58,5.86);
insert into dbo.OrdenDetalles values (829,1729,9006,10,12.13,2.18);
insert into dbo.OrdenDetalles values (830,1730,9006,6,39.57,7.12);
insert into dbo.OrdenDetalles values (831,1731,9002,10,36.57,6.58);
insert into dbo.OrdenDetalles values (832,1732,9002,10,36.27,6.53);
insert into dbo.OrdenDetalles values (833,1733,9005,18,35.52,6.39);
insert into dbo.OrdenDetalles values (834,1734,9010,10,28.42,5.12);
insert into dbo.OrdenDetalles values (835,1735,9002,5,36.1,6.5);
insert into dbo.OrdenDetalles values (836,1736,9008,18,32.27,5.81);
insert into dbo.OrdenDetalles values (837,1737,9009,11,13.38,2.41);
insert into dbo.OrdenDetalles values (838,1738,9009,8,20.14,3.63);
insert into dbo.OrdenDetalles values (839,1739,9005,16,15.94,2.87);
insert into dbo.OrdenDetalles values (840,1740,9002,1,33.33,6);
insert into dbo.OrdenDetalles values (841,1741,9010,9,30.6,5.51);
insert into dbo.OrdenDetalles values (842,1742,9007,9,27.58,4.96);
insert into dbo.OrdenDetalles values (843,1743,9002,12,38.21,6.88);
insert into dbo.OrdenDetalles values (844,1744,9001,13,23.14,4.17);
insert into dbo.OrdenDetalles values (845,1745,9003,1,28.59,5.15);
insert into dbo.OrdenDetalles values (846,1746,9009,2,22.19,3.99);
insert into dbo.OrdenDetalles values (847,1747,9004,5,21.52,3.87);
insert into dbo.OrdenDetalles values (848,1748,9001,14,39.25,7.07);
insert into dbo.OrdenDetalles values (849,1749,9001,18,29.64,5.34);
insert into dbo.OrdenDetalles values (850,1750,9003,11,26.18,4.71);
insert into dbo.OrdenDetalles values (851,1751,9006,7,44.64,8.04);
insert into dbo.OrdenDetalles values (852,1752,9010,6,15.27,2.75);
insert into dbo.OrdenDetalles values (853,1753,9003,15,12.93,2.33);
insert into dbo.OrdenDetalles values (854,1754,9008,9,13.4,2.41);
insert into dbo.OrdenDetalles values (855,1755,9004,5,32.35,5.82);
insert into dbo.OrdenDetalles values (856,1756,9005,8,31.41,5.65);
insert into dbo.OrdenDetalles values (857,1757,9005,20,26.88,4.84);
insert into dbo.OrdenDetalles values (858,1758,9009,1,40.65,7.32);
insert into dbo.OrdenDetalles values (859,1759,9005,10,28.79,5.18);
insert into dbo.OrdenDetalles values (860,1760,9007,3,40.69,7.32);
insert into dbo.OrdenDetalles values (861,1761,9003,15,22.63,4.07);
insert into dbo.OrdenDetalles values (862,1762,9002,4,24.81,4.47);
insert into dbo.OrdenDetalles values (863,1763,9009,4,34.58,6.22);
insert into dbo.OrdenDetalles values (864,1764,9005,7,39.84,7.17);
insert into dbo.OrdenDetalles values (865,1765,9006,9,41.55,7.48);
insert into dbo.OrdenDetalles values (866,1766,9001,3,19.57,3.52);
insert into dbo.OrdenDetalles values (867,1767,9007,7,38.33,6.9);
insert into dbo.OrdenDetalles values (868,1768,9005,4,40.4,7.27);
insert into dbo.OrdenDetalles values (869,1769,9008,14,35.86,6.45);
insert into dbo.OrdenDetalles values (870,1770,9006,2,37.89,6.82);
insert into dbo.OrdenDetalles values (871,1771,9001,18,39.47,7.1);
insert into dbo.OrdenDetalles values (872,1772,9009,11,14.63,2.63);
insert into dbo.OrdenDetalles values (873,1773,9006,12,24.68,4.44);
insert into dbo.OrdenDetalles values (874,1774,9009,2,24.35,4.38);
insert into dbo.OrdenDetalles values (875,1775,9005,9,31.43,5.66);
insert into dbo.OrdenDetalles values (876,1776,9004,2,35.58,6.4);
insert into dbo.OrdenDetalles values (877,1777,9003,4,43.44,7.82);
insert into dbo.OrdenDetalles values (878,1778,9006,9,33.45,6.02);
insert into dbo.OrdenDetalles values (879,1779,9010,5,20.08,3.61);
insert into dbo.OrdenDetalles values (880,1780,9009,10,15.12,2.72);
insert into dbo.OrdenDetalles values (881,1781,9007,10,35.83,6.45);
insert into dbo.OrdenDetalles values (882,1782,9002,3,21.15,3.81);
insert into dbo.OrdenDetalles values (883,1783,9006,19,21.34,3.84);
insert into dbo.OrdenDetalles values (884,1784,9002,20,33.37,6.01);


insert into dbo.OrdenDetalles values (111,1011,9008,7,37.21,6.7);
insert into dbo.OrdenDetalles values (112,1012,9007,4,17.32,3.12);
insert into dbo.OrdenDetalles values (113,1013,9006,3,19.01,3.42);
insert into dbo.OrdenDetalles values (114,1014,9010,1,20.99,3.78);
insert into dbo.OrdenDetalles values (115,1015,9010,2,10.76,1.94);
insert into dbo.OrdenDetalles values (116,1016,9003,17,20.64,3.72);
insert into dbo.OrdenDetalles values (117,1017,9010,13,37.3,6.71);
insert into dbo.OrdenDetalles values (118,1018,9009,2,19.77,3.56);
insert into dbo.OrdenDetalles values (119,1019,9008,1,39.7,7.15);
insert into dbo.OrdenDetalles values (120,1020,9005,4,17.58,3.16);
insert into dbo.OrdenDetalles values (121,1021,9002,1,32.2,5.8);
insert into dbo.OrdenDetalles values (122,1022,9003,16,28.25,5.09);
insert into dbo.OrdenDetalles values (123,1023,9009,6,42.79,7.7);
insert into dbo.OrdenDetalles values (124,1024,9008,2,30.54,5.5);
insert into dbo.OrdenDetalles values (125,1025,9001,3,27.28,4.91);
insert into dbo.OrdenDetalles values (126,1026,9002,20,24.45,4.4);
insert into dbo.OrdenDetalles values (127,1027,9007,6,32.58,5.86);
insert into dbo.OrdenDetalles values (128,1028,9005,8,14.88,2.68);
insert into dbo.OrdenDetalles values (129,1029,9008,12,32.62,5.87);
insert into dbo.OrdenDetalles values (130,1030,9004,14,20.69,3.72);
insert into dbo.OrdenDetalles values (131,1031,9007,13,39.29,7.07);
insert into dbo.OrdenDetalles values (132,1032,9008,14,43.59,7.85);
insert into dbo.OrdenDetalles values (133,1033,9010,5,20.73,3.73);
insert into dbo.OrdenDetalles values (134,1034,9002,2,10.12,1.82);
insert into dbo.OrdenDetalles values (135,1035,9001,20,24.91,4.48);
insert into dbo.OrdenDetalles values (136,1036,9004,13,28.61,5.15);
insert into dbo.OrdenDetalles values (137,1037,9001,20,19.43,3.5);
insert into dbo.OrdenDetalles values (138,1038,9002,20,40.19,7.23);
insert into dbo.OrdenDetalles values (139,1039,9007,10,44.21,7.96);
insert into dbo.OrdenDetalles values (140,1040,9001,20,30,5.4);
insert into dbo.OrdenDetalles values (141,1041,9004,16,15.23,2.74);
insert into dbo.OrdenDetalles values (142,1042,9009,9,11.04,1.99);
insert into dbo.OrdenDetalles values (143,1043,9009,9,34.7,6.25);
insert into dbo.OrdenDetalles values (144,1044,9001,7,29.08,5.23);
insert into dbo.OrdenDetalles values (145,1045,9001,20,35.85,6.45);
insert into dbo.OrdenDetalles values (146,1046,9001,12,36.95,6.65);
insert into dbo.OrdenDetalles values (147,1047,9007,17,37.92,6.83);
insert into dbo.OrdenDetalles values (148,1048,9007,5,32.86,5.91);
insert into dbo.OrdenDetalles values (149,1049,9003,7,26.05,4.69);
insert into dbo.OrdenDetalles values (150,1050,9010,11,13.53,2.44);
insert into dbo.OrdenDetalles values (151,1051,9005,15,25.92,4.67);
insert into dbo.OrdenDetalles values (152,1052,9004,18,43.91,7.9);
insert into dbo.OrdenDetalles values (153,1053,9009,16,25.22,4.54);
insert into dbo.OrdenDetalles values (154,1054,9001,5,32.83,5.91);
insert into dbo.OrdenDetalles values (155,1055,9006,8,14.75,2.66);
insert into dbo.OrdenDetalles values (156,1056,9001,2,43.71,7.87);
insert into dbo.OrdenDetalles values (157,1057,9003,8,24.26,4.37);
insert into dbo.OrdenDetalles values (158,1058,9003,17,18.08,3.25);
insert into dbo.OrdenDetalles values (159,1059,9004,20,35.34,6.36);
insert into dbo.OrdenDetalles values (160,1060,9008,15,25.47,4.58);
insert into dbo.OrdenDetalles values (161,1061,9010,18,36.26,6.53);
insert into dbo.OrdenDetalles values (162,1062,9004,9,18.3,3.29);
insert into dbo.OrdenDetalles values (163,1063,9010,13,29.58,5.32);
insert into dbo.OrdenDetalles values (164,1064,9002,15,39.69,7.14);
insert into dbo.OrdenDetalles values (165,1065,9006,16,34.12,6.14);
insert into dbo.OrdenDetalles values (166,1066,9009,20,27.52,4.95);
insert into dbo.OrdenDetalles values (167,1067,9001,10,18.2,3.28);
insert into dbo.OrdenDetalles values (168,1068,9005,20,43.23,7.78);
insert into dbo.OrdenDetalles values (169,1069,9002,9,37.19,6.69);
insert into dbo.OrdenDetalles values (170,1070,9002,18,19.66,3.54);
insert into dbo.OrdenDetalles values (171,1071,9005,11,15.12,2.72);
insert into dbo.OrdenDetalles values (172,1072,9007,19,23.36,4.2);
insert into dbo.OrdenDetalles values (173,1073,9007,4,38.49,6.93);
insert into dbo.OrdenDetalles values (174,1074,9006,14,37.63,6.77);
insert into dbo.OrdenDetalles values (175,1075,9010,13,36.71,6.61);
insert into dbo.OrdenDetalles values (176,1076,9008,13,20.41,3.67);
insert into dbo.OrdenDetalles values (177,1077,9001,9,24.64,4.44);
insert into dbo.OrdenDetalles values (178,1078,9001,17,42.86,7.71);
insert into dbo.OrdenDetalles values (179,1079,9006,20,37.91,6.82);
insert into dbo.OrdenDetalles values (180,1080,9003,19,42.62,7.67);
insert into dbo.OrdenDetalles values (181,1081,9010,1,17.46,3.14);
insert into dbo.OrdenDetalles values (182,1082,9009,10,36.16,6.51);
insert into dbo.OrdenDetalles values (183,1083,9010,2,35.41,6.37);
insert into dbo.OrdenDetalles values (184,1084,9001,8,20.55,3.7);
insert into dbo.OrdenDetalles values (185,1085,9009,17,23.38,4.21);
insert into dbo.OrdenDetalles values (186,1086,9006,9,25.26,4.55);
insert into dbo.OrdenDetalles values (187,1087,9004,7,12.63,2.27);
insert into dbo.OrdenDetalles values (188,1088,9004,16,25.18,4.53);
insert into dbo.OrdenDetalles values (189,1089,9006,13,35.97,6.47);
insert into dbo.OrdenDetalles values (190,1090,9005,14,25.82,4.65);
insert into dbo.OrdenDetalles values (191,1091,9006,16,19.83,3.57);
insert into dbo.OrdenDetalles values (192,1092,9006,5,21.18,3.81);
insert into dbo.OrdenDetalles values (193,1093,9006,7,20.83,3.75);
insert into dbo.OrdenDetalles values (194,1094,9010,1,11.49,2.07);
insert into dbo.OrdenDetalles values (195,1095,9008,16,18.49,3.33);
insert into dbo.OrdenDetalles values (196,1096,9004,4,13.62,2.45);
insert into dbo.OrdenDetalles values (197,1097,9001,7,24.85,4.47);
insert into dbo.OrdenDetalles values (198,1098,9005,6,22.95,4.13);
insert into dbo.OrdenDetalles values (199,1099,9005,2,30.06,5.41);
insert into dbo.OrdenDetalles values (200,1100,9003,4,15.03,2.71);
insert into dbo.OrdenDetalles values (201,1101,9001,1,18.86,3.39);
insert into dbo.OrdenDetalles values (202,1102,9009,3,19.3,3.47);
insert into dbo.OrdenDetalles values (203,1103,9006,12,14.77,2.66);
insert into dbo.OrdenDetalles values (204,1104,9009,4,36.53,6.58);
insert into dbo.OrdenDetalles values (205,1105,9008,4,19.3,3.47);
insert into dbo.OrdenDetalles values (206,1106,9001,12,40.89,7.36);
insert into dbo.OrdenDetalles values (207,1107,9009,6,20.25,3.65);
insert into dbo.OrdenDetalles values (208,1108,9008,5,14.99,2.7);
insert into dbo.OrdenDetalles values (209,1109,9007,12,20.31,3.66);
insert into dbo.OrdenDetalles values (210,1110,9007,1,44.56,8.02);
insert into dbo.OrdenDetalles values (211,1111,9004,13,37.01,6.66);
insert into dbo.OrdenDetalles values (212,1112,9006,5,25.79,4.64);
insert into dbo.OrdenDetalles values (213,1113,9010,2,26,4.68);
insert into dbo.OrdenDetalles values (214,1114,9010,12,23.8,4.28);
insert into dbo.OrdenDetalles values (215,1115,9006,2,19.37,3.49);
insert into dbo.OrdenDetalles values (216,1116,9009,5,37.2,6.7);
insert into dbo.OrdenDetalles values (217,1117,9002,2,26.03,4.69);
insert into dbo.OrdenDetalles values (218,1118,9002,2,25.81,4.65);
insert into dbo.OrdenDetalles values (219,1119,9005,13,10.64,1.92);
insert into dbo.OrdenDetalles values (220,1120,9004,12,41.08,7.39);
insert into dbo.OrdenDetalles values (221,1121,9007,4,35.84,6.45);
insert into dbo.OrdenDetalles values (222,1122,9009,3,33.53,6.04);
insert into dbo.OrdenDetalles values (223,1123,9002,18,12.45,2.24);
insert into dbo.OrdenDetalles values (224,1124,9004,10,28.67,5.16);
insert into dbo.OrdenDetalles values (225,1125,9003,18,21.09,3.8);
insert into dbo.OrdenDetalles values (226,1126,9006,5,43,7.74);
insert into dbo.OrdenDetalles values (227,1127,9007,2,12.37,2.23);
insert into dbo.OrdenDetalles values (228,1128,9010,3,13.02,2.34);
insert into dbo.OrdenDetalles values (229,1129,9010,7,21.93,3.95);
insert into dbo.OrdenDetalles values (230,1130,9002,4,41.05,7.39);
insert into dbo.OrdenDetalles values (231,1131,9006,11,13.21,2.38);
insert into dbo.OrdenDetalles values (232,1132,9005,4,10.12,1.82);
insert into dbo.OrdenDetalles values (233,1133,9005,4,16.39,2.95);
insert into dbo.OrdenDetalles values (234,1134,9002,17,36.83,6.63);
insert into dbo.OrdenDetalles values (235,1135,9005,13,32.51,5.85);
insert into dbo.OrdenDetalles values (236,1136,9008,4,25.19,4.53);
insert into dbo.OrdenDetalles values (237,1137,9006,13,30.62,5.51);
insert into dbo.OrdenDetalles values (238,1138,9010,1,21.37,3.85);
insert into dbo.OrdenDetalles values (239,1139,9003,3,18.02,3.24);
insert into dbo.OrdenDetalles values (240,1140,9010,8,12.5,2.25);
insert into dbo.OrdenDetalles values (241,1141,9006,1,43.99,7.92);
insert into dbo.OrdenDetalles values (242,1142,9005,19,30.81,5.55);
insert into dbo.OrdenDetalles values (243,1143,9006,15,21.74,3.91);
insert into dbo.OrdenDetalles values (244,1144,9010,1,27.51,4.95);
insert into dbo.OrdenDetalles values (245,1145,9005,12,19.25,3.47);
insert into dbo.OrdenDetalles values (246,1146,9006,5,13.38,2.41);
insert into dbo.OrdenDetalles values (247,1147,9004,19,38.58,6.94);
insert into dbo.OrdenDetalles values (248,1148,9004,5,15.78,2.84);
insert into dbo.OrdenDetalles values (249,1149,9009,17,17,3.06);
insert into dbo.OrdenDetalles values (250,1150,9007,7,41.27,7.43);
insert into dbo.OrdenDetalles values (251,1151,9005,1,41.93,7.55);
insert into dbo.OrdenDetalles values (252,1152,9010,3,24.37,4.39);
insert into dbo.OrdenDetalles values (253,1153,9003,11,43.66,7.86);
insert into dbo.OrdenDetalles values (254,1154,9006,14,17.73,3.19);
insert into dbo.OrdenDetalles values (255,1155,9008,17,33.11,5.96);
insert into dbo.OrdenDetalles values (256,1156,9009,13,14.07,2.53);
insert into dbo.OrdenDetalles values (257,1157,9006,7,36.3,6.53);
insert into dbo.OrdenDetalles values (258,1158,9005,11,24.49,4.41);
insert into dbo.OrdenDetalles values (259,1159,9003,8,28.69,5.16);
insert into dbo.OrdenDetalles values (260,1160,9008,17,19.09,3.44);
insert into dbo.OrdenDetalles values (261,1161,9007,16,36.98,6.66);
insert into dbo.OrdenDetalles values (262,1162,9006,19,32.09,5.78);
insert into dbo.OrdenDetalles values (263,1163,9003,5,36.19,6.51);
insert into dbo.OrdenDetalles values (264,1164,9007,4,14.85,2.67);
insert into dbo.OrdenDetalles values (265,1165,9002,2,37.07,6.67);
insert into dbo.OrdenDetalles values (266,1166,9008,9,27.52,4.95);
insert into dbo.OrdenDetalles values (267,1167,9006,17,35.99,6.48);
insert into dbo.OrdenDetalles values (268,1168,9001,15,13.22,2.38);
insert into dbo.OrdenDetalles values (269,1169,9004,1,21.48,3.87);
insert into dbo.OrdenDetalles values (270,1170,9008,5,40.05,7.21);
insert into dbo.OrdenDetalles values (271,1171,9006,9,39.67,7.14);
insert into dbo.OrdenDetalles values (272,1172,9002,2,21.64,3.9);
insert into dbo.OrdenDetalles values (273,1173,9006,2,26.4,4.75);
insert into dbo.OrdenDetalles values (274,1174,9004,18,36.99,6.66);
insert into dbo.OrdenDetalles values (275,1175,9003,16,33.33,6);
insert into dbo.OrdenDetalles values (276,1176,9007,5,26.65,4.8);
insert into dbo.OrdenDetalles values (277,1177,9008,4,31.49,5.67);
insert into dbo.OrdenDetalles values (278,1178,9008,11,39.42,7.1);
insert into dbo.OrdenDetalles values (279,1179,9008,7,23.42,4.22);
insert into dbo.OrdenDetalles values (280,1180,9006,6,20.57,3.7);
insert into dbo.OrdenDetalles values (281,1181,9006,9,13.15,2.37);
insert into dbo.OrdenDetalles values (282,1182,9002,15,30.76,5.54);
insert into dbo.OrdenDetalles values (283,1183,9002,16,12.17,2.19);
insert into dbo.OrdenDetalles values (284,1184,9008,9,14.56,2.62);
insert into dbo.OrdenDetalles values (285,1185,9002,12,16.46,2.96);
insert into dbo.OrdenDetalles values (286,1186,9002,16,37.52,6.75);
insert into dbo.OrdenDetalles values (287,1187,9004,11,15.58,2.8);
insert into dbo.OrdenDetalles values (288,1188,9001,16,27.94,5.03);
insert into dbo.OrdenDetalles values (289,1189,9001,14,17.44,3.14);
insert into dbo.OrdenDetalles values (290,1190,9002,1,20.33,3.66);
insert into dbo.OrdenDetalles values (291,1191,9007,16,34.76,6.26);
insert into dbo.OrdenDetalles values (292,1192,9005,3,42.54,7.66);
insert into dbo.OrdenDetalles values (293,1193,9006,6,28.85,5.19);
insert into dbo.OrdenDetalles values (294,1194,9005,3,23.2,4.18);
insert into dbo.OrdenDetalles values (295,1195,9010,20,31.16,5.61);
insert into dbo.OrdenDetalles values (296,1196,9004,15,44.49,8.01);
insert into dbo.OrdenDetalles values (297,1197,9005,11,27.16,4.89);
insert into dbo.OrdenDetalles values (298,1198,9006,19,18.79,3.38);
insert into dbo.OrdenDetalles values (299,1199,9007,7,44.77,8.06);
insert into dbo.OrdenDetalles values (300,1200,9009,10,31.29,5.63);
insert into dbo.OrdenDetalles values (301,1201,9002,1,43.11,7.76);
insert into dbo.OrdenDetalles values (302,1202,9005,19,31.1,5.6);
insert into dbo.OrdenDetalles values (303,1203,9007,15,33.83,6.09);
insert into dbo.OrdenDetalles values (304,1204,9007,17,44.14,7.95);
insert into dbo.OrdenDetalles values (305,1205,9002,2,44.72,8.05);
insert into dbo.OrdenDetalles values (306,1206,9010,1,27.28,4.91);
insert into dbo.OrdenDetalles values (307,1207,9005,14,27.65,4.98);
insert into dbo.OrdenDetalles values (308,1208,9006,14,14.83,2.67);
insert into dbo.OrdenDetalles values (309,1209,9003,15,37.27,6.71);
insert into dbo.OrdenDetalles values (310,1210,9009,9,30.32,5.46);
insert into dbo.OrdenDetalles values (311,1211,9008,7,23.97,4.31);
insert into dbo.OrdenDetalles values (312,1212,9003,3,23.28,4.19);
insert into dbo.OrdenDetalles values (313,1213,9007,9,12.03,2.17);
insert into dbo.OrdenDetalles values (314,1214,9003,18,18.92,3.41);
insert into dbo.OrdenDetalles values (315,1215,9002,1,39.89,7.18);
insert into dbo.OrdenDetalles values (316,1216,9002,11,32.18,5.79);
insert into dbo.OrdenDetalles values (317,1217,9008,19,37.4,6.73);
insert into dbo.OrdenDetalles values (318,1218,9002,4,11.82,2.13);
insert into dbo.OrdenDetalles values (319,1219,9010,20,18.54,3.34);
insert into dbo.OrdenDetalles values (320,1220,9003,17,27.14,4.89);
insert into dbo.OrdenDetalles values (321,1221,9009,10,42.89,7.72);
insert into dbo.OrdenDetalles values (322,1222,9009,20,35.22,6.34);
insert into dbo.OrdenDetalles values (323,1223,9003,8,37.46,6.74);
insert into dbo.OrdenDetalles values (324,1224,9004,11,37.68,6.78);
insert into dbo.OrdenDetalles values (325,1225,9006,14,10.44,1.88);
insert into dbo.OrdenDetalles values (326,1226,9009,13,12.06,2.17);
insert into dbo.OrdenDetalles values (327,1227,9002,8,16.69,3);
insert into dbo.OrdenDetalles values (328,1228,9007,5,15.03,2.71);
insert into dbo.OrdenDetalles values (329,1229,9002,5,34.6,6.23);
insert into dbo.OrdenDetalles values (330,1230,9008,6,11.36,2.04);
insert into dbo.OrdenDetalles values (331,1231,9010,8,19.68,3.54);
insert into dbo.OrdenDetalles values (332,1232,9010,9,42.74,7.69);
insert into dbo.OrdenDetalles values (333,1233,9010,18,39.01,7.02);
insert into dbo.OrdenDetalles values (334,1234,9008,7,16.34,2.94);
insert into dbo.OrdenDetalles values (335,1235,9008,9,30.22,5.44);
insert into dbo.OrdenDetalles values (336,1236,9005,4,40.69,7.32);
insert into dbo.OrdenDetalles values (337,1237,9004,15,44.69,8.04);
insert into dbo.OrdenDetalles values (338,1238,9006,5,38.13,6.86);
insert into dbo.OrdenDetalles values (339,1239,9005,3,44.1,7.94);
insert into dbo.OrdenDetalles values (340,1240,9002,15,39.96,7.19);
insert into dbo.OrdenDetalles values (341,1241,9005,18,17.58,3.16);
insert into dbo.OrdenDetalles values (342,1242,9006,7,12.64,2.28);
insert into dbo.OrdenDetalles values (343,1243,9006,15,37.45,6.74);
insert into dbo.OrdenDetalles values (344,1244,9007,2,15.16,2.73);
insert into dbo.OrdenDetalles values (345,1245,9008,4,21.61,3.89);
insert into dbo.OrdenDetalles values (346,1246,9010,7,27.06,4.87);
insert into dbo.OrdenDetalles values (347,1247,9001,14,42.79,7.7);
insert into dbo.OrdenDetalles values (348,1248,9009,12,22.61,4.07);
insert into dbo.OrdenDetalles values (349,1249,9008,9,12.94,2.33);
insert into dbo.OrdenDetalles values (350,1250,9003,11,16.18,2.91);
insert into dbo.OrdenDetalles values (351,1251,9003,18,27.2,4.9);
insert into dbo.OrdenDetalles values (352,1252,9008,14,12.52,2.25);
insert into dbo.OrdenDetalles values (353,1253,9006,4,30.57,5.5);
insert into dbo.OrdenDetalles values (354,1254,9008,14,12.05,2.17);
insert into dbo.OrdenDetalles values (355,1255,9008,18,35.11,6.32);
insert into dbo.OrdenDetalles values (356,1256,9001,17,39.25,7.07);
insert into dbo.OrdenDetalles values (357,1257,9004,7,32.15,5.79);
insert into dbo.OrdenDetalles values (358,1258,9003,15,39,7.02);
insert into dbo.OrdenDetalles values (359,1259,9002,1,21.46,3.86);
insert into dbo.OrdenDetalles values (360,1260,9007,16,42.24,7.6);
insert into dbo.OrdenDetalles values (361,1261,9008,18,11.67,2.1);
insert into dbo.OrdenDetalles values (362,1262,9003,1,31.58,5.68);
insert into dbo.OrdenDetalles values (363,1263,9008,15,28.52,5.13);
insert into dbo.OrdenDetalles values (364,1264,9007,5,32.96,5.93);
insert into dbo.OrdenDetalles values (365,1265,9001,14,38.01,6.84);
insert into dbo.OrdenDetalles values (366,1266,9008,5,24.29,4.37);
insert into dbo.OrdenDetalles values (367,1267,9009,17,38.09,6.86);
insert into dbo.OrdenDetalles values (368,1268,9006,8,40.28,7.25);
insert into dbo.OrdenDetalles values (369,1269,9010,20,40.53,7.3);
insert into dbo.OrdenDetalles values (370,1270,9004,1,36.27,6.53);
insert into dbo.OrdenDetalles values (371,1271,9004,8,25.83,4.65);
insert into dbo.OrdenDetalles values (372,1272,9002,1,42.21,7.6);
insert into dbo.OrdenDetalles values (373,1273,9010,7,21.83,3.93);
insert into dbo.OrdenDetalles values (374,1274,9003,5,31.78,5.72);
insert into dbo.OrdenDetalles values (375,1275,9009,9,27.06,4.87);
insert into dbo.OrdenDetalles values (376,1276,9005,2,32.97,5.93);
insert into dbo.OrdenDetalles values (377,1277,9003,10,43.72,7.87);
insert into dbo.OrdenDetalles values (378,1278,9008,11,32.3,5.81);
insert into dbo.OrdenDetalles values (379,1279,9007,14,17.61,3.17);
insert into dbo.OrdenDetalles values (380,1280,9003,15,29.05,5.23);
insert into dbo.OrdenDetalles values (381,1281,9004,16,43.09,7.76);
insert into dbo.OrdenDetalles values (382,1282,9010,10,28.13,5.06);
insert into dbo.OrdenDetalles values (383,1283,9005,1,10.09,1.82);
insert into dbo.OrdenDetalles values (384,1284,9009,16,44.3,7.97);
insert into dbo.OrdenDetalles values (385,1285,9009,2,15.11,2.72);
insert into dbo.OrdenDetalles values (386,1286,9001,5,14.97,2.69);
insert into dbo.OrdenDetalles values (387,1287,9010,5,10.11,1.82);
insert into dbo.OrdenDetalles values (388,1288,9005,6,39.07,7.03);
insert into dbo.OrdenDetalles values (389,1289,9002,17,41.59,7.49);
insert into dbo.OrdenDetalles values (390,1290,9003,12,10.66,1.92);
insert into dbo.OrdenDetalles values (391,1291,9010,7,26.91,4.84);
insert into dbo.OrdenDetalles values (392,1292,9001,2,41.41,7.45);
insert into dbo.OrdenDetalles values (393,1293,9008,20,10.9,1.96);
insert into dbo.OrdenDetalles values (394,1294,9010,7,42.17,7.59);
insert into dbo.OrdenDetalles values (395,1295,9002,20,19.81,3.57);
insert into dbo.OrdenDetalles values (396,1296,9004,11,37.31,6.72);
insert into dbo.OrdenDetalles values (397,1297,9005,7,18.68,3.36);
insert into dbo.OrdenDetalles values (398,1298,9006,9,17.37,3.13);
insert into dbo.OrdenDetalles values (399,1299,9001,8,24.54,4.42);
insert into dbo.OrdenDetalles values (400,1300,9002,2,27.83,5.01);
insert into dbo.OrdenDetalles values (401,1301,9006,13,13.55,2.44);
insert into dbo.OrdenDetalles values (402,1302,9003,7,15.29,2.75);
insert into dbo.OrdenDetalles values (403,1303,9007,15,23.79,4.28);
insert into dbo.OrdenDetalles values (404,1304,9010,3,34.46,6.2);
insert into dbo.OrdenDetalles values (405,1305,9006,14,35.15,6.33);
insert into dbo.OrdenDetalles values (406,1306,9006,17,25.38,4.57);
insert into dbo.OrdenDetalles values (407,1307,9008,14,20.64,3.72);
insert into dbo.OrdenDetalles values (408,1308,9007,18,13.92,2.51);
insert into dbo.OrdenDetalles values (409,1309,9001,13,44.26,7.97);
insert into dbo.OrdenDetalles values (410,1310,9009,11,25.49,4.59);
insert into dbo.OrdenDetalles values (411,1311,9008,6,41.26,7.43);
insert into dbo.OrdenDetalles values (412,1312,9009,11,42.1,7.58);
insert into dbo.OrdenDetalles values (413,1313,9007,12,43.46,7.82);
insert into dbo.OrdenDetalles values (414,1314,9003,13,24.18,4.35);
insert into dbo.OrdenDetalles values (415,1315,9006,14,38.24,6.88);
insert into dbo.OrdenDetalles values (416,1316,9004,19,33.53,6.04);
insert into dbo.OrdenDetalles values (417,1317,9001,18,17.68,3.18);
insert into dbo.OrdenDetalles values (418,1318,9008,17,17.04,3.07);
insert into dbo.OrdenDetalles values (419,1319,9007,9,37.96,6.83);
insert into dbo.OrdenDetalles values (420,1320,9009,10,20.05,3.61);
insert into dbo.OrdenDetalles values (421,1321,9002,4,16,2.88);
insert into dbo.OrdenDetalles values (422,1322,9010,18,41.58,7.48);
insert into dbo.OrdenDetalles values (423,1323,9006,13,17.99,3.24);
insert into dbo.OrdenDetalles values (424,1324,9006,19,10.9,1.96);
insert into dbo.OrdenDetalles values (425,1325,9008,5,40.59,7.31);
insert into dbo.OrdenDetalles values (426,1326,9010,17,25.24,4.54);
insert into dbo.OrdenDetalles values (427,1327,9001,18,40.08,7.21);
insert into dbo.OrdenDetalles values (428,1328,9007,16,33.57,6.04);
insert into dbo.OrdenDetalles values (429,1329,9006,3,13.98,2.52);
insert into dbo.OrdenDetalles values (430,1330,9004,9,37.6,6.77);
insert into dbo.OrdenDetalles values (431,1331,9004,11,32.76,5.9);
insert into dbo.OrdenDetalles values (432,1332,9007,19,19.23,3.46);
insert into dbo.OrdenDetalles values (433,1333,9010,8,30.7,5.53);
insert into dbo.OrdenDetalles values (434,1334,9009,6,12.5,2.25);
insert into dbo.OrdenDetalles values (435,1335,9008,4,31.86,5.73);
insert into dbo.OrdenDetalles values (436,1336,9009,7,31.55,5.68);
insert into dbo.OrdenDetalles values (437,1337,9002,2,14.93,2.69);
insert into dbo.OrdenDetalles values (438,1338,9010,17,38.74,6.97);
insert into dbo.OrdenDetalles values (439,1339,9006,11,42.26,7.61);
insert into dbo.OrdenDetalles values (440,1340,9010,13,26.83,4.83);
insert into dbo.OrdenDetalles values (441,1341,9003,4,19.65,3.54);
insert into dbo.OrdenDetalles values (442,1342,9001,20,15.05,2.71);
insert into dbo.OrdenDetalles values (443,1343,9005,18,40.23,7.24);
insert into dbo.OrdenDetalles values (444,1344,9010,10,40.54,7.3);
insert into dbo.OrdenDetalles values (445,1345,9002,5,33.85,6.09);
insert into dbo.OrdenDetalles values (446,1346,9004,13,25.69,4.62);
insert into dbo.OrdenDetalles values (447,1347,9003,18,18.95,3.41);
insert into dbo.OrdenDetalles values (448,1348,9009,6,23.51,4.23);
insert into dbo.OrdenDetalles values (449,1349,9010,2,25.35,4.56);
insert into dbo.OrdenDetalles values (450,1350,9010,7,30.5,5.49);
insert into dbo.OrdenDetalles values (451,1351,9010,10,10.96,1.97);
insert into dbo.OrdenDetalles values (452,1352,9010,1,24.08,4.33);
insert into dbo.OrdenDetalles values (453,1353,9010,11,31.46,5.66);
insert into dbo.OrdenDetalles values (454,1354,9009,3,43.71,7.87);
insert into dbo.OrdenDetalles values (455,1355,9005,7,10.63,1.91);
insert into dbo.OrdenDetalles values (456,1356,9008,1,17.03,3.07);
insert into dbo.OrdenDetalles values (457,1357,9004,11,20.23,3.64);
insert into dbo.OrdenDetalles values (458,1358,9006,15,13.09,2.36);
insert into dbo.OrdenDetalles values (459,1359,9010,10,22.98,4.14);
insert into dbo.OrdenDetalles values (460,1360,9006,8,41.36,7.44);
insert into dbo.OrdenDetalles values (461,1361,9007,9,18.73,3.37);
insert into dbo.OrdenDetalles values (462,1362,9006,11,17.22,3.1);
insert into dbo.OrdenDetalles values (463,1363,9006,14,34.5,6.21);
insert into dbo.OrdenDetalles values (464,1364,9006,17,13.21,2.38);
insert into dbo.OrdenDetalles values (465,1365,9004,10,36.63,6.59);
insert into dbo.OrdenDetalles values (466,1366,9008,2,30.09,5.42);
insert into dbo.OrdenDetalles values (467,1367,9003,19,23.54,4.24);
insert into dbo.OrdenDetalles values (468,1368,9009,19,27.93,5.03);
insert into dbo.OrdenDetalles values (469,1369,9005,10,33.73,6.07);
insert into dbo.OrdenDetalles values (470,1370,9008,17,44.06,7.93);
insert into dbo.OrdenDetalles values (471,1371,9007,9,27.85,5.01);
insert into dbo.OrdenDetalles values (472,1372,9007,19,40.88,7.36);
insert into dbo.OrdenDetalles values (473,1373,9003,12,11.77,2.12);
insert into dbo.OrdenDetalles values (474,1374,9006,8,35.52,6.39);
insert into dbo.OrdenDetalles values (475,1375,9002,5,12.63,2.27);
insert into dbo.OrdenDetalles values (476,1376,9001,2,43.6,7.85);
insert into dbo.OrdenDetalles values (477,1377,9010,4,28.39,5.11);
insert into dbo.OrdenDetalles values (478,1378,9007,15,10.03,1.81);
insert into dbo.OrdenDetalles values (479,1379,9002,1,37.34,6.72);
insert into dbo.OrdenDetalles values (480,1380,9003,9,33.23,5.98);
insert into dbo.OrdenDetalles values (481,1381,9010,5,28.22,5.08);
insert into dbo.OrdenDetalles values (482,1382,9003,7,27.02,4.86);
insert into dbo.OrdenDetalles values (483,1383,9009,11,33.02,5.94);
insert into dbo.OrdenDetalles values (484,1384,9004,9,16.47,2.96);
insert into dbo.OrdenDetalles values (485,1385,9006,6,42.03,7.57);
insert into dbo.OrdenDetalles values (486,1386,9007,16,44.87,8.08);
insert into dbo.OrdenDetalles values (487,1387,9006,15,10.98,1.98);
insert into dbo.OrdenDetalles values (488,1388,9001,18,22.86,4.11);
insert into dbo.OrdenDetalles values (489,1389,9006,5,21.09,3.8);
insert into dbo.OrdenDetalles values (490,1390,9005,16,20.4,3.67);
insert into dbo.OrdenDetalles values (491,1391,9010,3,38.24,6.88);
insert into dbo.OrdenDetalles values (492,1392,9003,6,39.11,7.04);
insert into dbo.OrdenDetalles values (493,1393,9003,8,28.17,5.07);
insert into dbo.OrdenDetalles values (494,1394,9008,2,32.89,5.92);
insert into dbo.OrdenDetalles values (495,1395,9006,10,19.04,3.43);
insert into dbo.OrdenDetalles values (496,1396,9008,9,43.97,7.91);
insert into dbo.OrdenDetalles values (497,1397,9006,15,17.48,3.15);
insert into dbo.OrdenDetalles values (498,1398,9010,5,20.55,3.7);
insert into dbo.OrdenDetalles values (499,1399,9008,14,26.61,4.79);
insert into dbo.OrdenDetalles values (500,1400,9010,20,17.77,3.2);
insert into dbo.OrdenDetalles values (501,1401,9001,5,40.54,7.3);
insert into dbo.OrdenDetalles values (502,1402,9002,13,22.07,3.97);
insert into dbo.OrdenDetalles values (503,1403,9003,3,17.46,3.14);
insert into dbo.OrdenDetalles values (504,1404,9003,9,21.77,3.92);
insert into dbo.OrdenDetalles values (505,1405,9003,17,35.47,6.38);
insert into dbo.OrdenDetalles values (506,1406,9001,10,25.2,4.54);
insert into dbo.OrdenDetalles values (507,1407,9009,12,35.79,6.44);
insert into dbo.OrdenDetalles values (508,1408,9006,14,22.07,3.97);
insert into dbo.OrdenDetalles values (509,1409,9001,18,32.09,5.78);
insert into dbo.OrdenDetalles values (510,1410,9009,4,23.03,4.15);
insert into dbo.OrdenDetalles values (511,1411,9001,17,30.05,5.41);
insert into dbo.OrdenDetalles values (512,1412,9001,5,41.34,7.44);
insert into dbo.OrdenDetalles values (513,1413,9001,7,26.88,4.84);
insert into dbo.OrdenDetalles values (514,1414,9004,17,14.68,2.64);
insert into dbo.OrdenDetalles values (515,1415,9009,11,12.83,2.31);
insert into dbo.OrdenDetalles values (516,1416,9002,16,14.68,2.64);
insert into dbo.OrdenDetalles values (517,1417,9010,14,23.99,4.32);
insert into dbo.OrdenDetalles values (518,1418,9001,4,40.64,7.32);
insert into dbo.OrdenDetalles values (519,1419,9003,3,10.83,1.95);
insert into dbo.OrdenDetalles values (520,1420,9010,6,12.75,2.3);
insert into dbo.OrdenDetalles values (521,1421,9007,19,39.53,7.12);
insert into dbo.OrdenDetalles values (522,1422,9009,8,28.69,5.16);
insert into dbo.OrdenDetalles values (523,1423,9002,14,31.14,5.61);
insert into dbo.OrdenDetalles values (524,1424,9001,17,23.49,4.23);
insert into dbo.OrdenDetalles values (525,1425,9004,2,24.88,4.48);
insert into dbo.OrdenDetalles values (526,1426,9006,14,13.67,2.46);
insert into dbo.OrdenDetalles values (527,1427,9004,11,39.81,7.17);
insert into dbo.OrdenDetalles values (528,1428,9002,8,20.6,3.71);
insert into dbo.OrdenDetalles values (529,1429,9003,7,13.26,2.39);
insert into dbo.OrdenDetalles values (530,1430,9009,17,39.29,7.07);
insert into dbo.OrdenDetalles values (531,1431,9004,20,20.04,3.61);
insert into dbo.OrdenDetalles values (532,1432,9003,8,16.74,3.01);
insert into dbo.OrdenDetalles values (533,1433,9006,15,20.53,3.7);
insert into dbo.OrdenDetalles values (534,1434,9007,19,18.28,3.29);
insert into dbo.OrdenDetalles values (535,1435,9009,9,25.4,4.57);
insert into dbo.OrdenDetalles values (536,1436,9001,6,41.55,7.48);
insert into dbo.OrdenDetalles values (537,1437,9007,5,43.75,7.88);
insert into dbo.OrdenDetalles values (538,1438,9004,15,39.35,7.08);
insert into dbo.OrdenDetalles values (539,1439,9004,10,14.3,2.57);
insert into dbo.OrdenDetalles values (540,1440,9007,4,20.98,3.78);
insert into dbo.OrdenDetalles values (541,1441,9004,3,40.58,7.3);
insert into dbo.OrdenDetalles values (542,1442,9003,7,41.64,7.5);
insert into dbo.OrdenDetalles values (543,1443,9005,19,21.7,3.91);
insert into dbo.OrdenDetalles values (544,1444,9004,10,26.62,4.79);
insert into dbo.OrdenDetalles values (545,1445,9004,9,20.52,3.69);
insert into dbo.OrdenDetalles values (546,1446,9001,14,12.03,2.17);
insert into dbo.OrdenDetalles values (547,1447,9004,5,13.9,2.5);
insert into dbo.OrdenDetalles values (548,1448,9002,1,28.73,5.17);
insert into dbo.OrdenDetalles values (549,1449,9002,14,13.22,2.38);
insert into dbo.OrdenDetalles values (550,1450,9003,10,10.51,1.89);
insert into dbo.OrdenDetalles values (551,1451,9007,10,31.28,5.63);
insert into dbo.OrdenDetalles values (552,1452,9005,11,19.17,3.45);
insert into dbo.OrdenDetalles values (553,1453,9008,2,12.66,2.28);
insert into dbo.OrdenDetalles values (554,1454,9001,19,18.34,3.3);
insert into dbo.OrdenDetalles values (555,1455,9009,14,10.09,1.82);
insert into dbo.OrdenDetalles values (556,1456,9006,10,26.86,4.83);
insert into dbo.OrdenDetalles values (557,1457,9001,16,18.68,3.36);
insert into dbo.OrdenDetalles values (558,1458,9009,10,35.9,6.46);
insert into dbo.OrdenDetalles values (559,1459,9009,19,20.33,3.66);
insert into dbo.OrdenDetalles values (560,1460,9003,4,13.55,2.44);
insert into dbo.OrdenDetalles values (561,1461,9010,12,17.06,3.07);
insert into dbo.OrdenDetalles values (562,1462,9005,20,34.31,6.18);
insert into dbo.OrdenDetalles values (563,1463,9003,2,39.08,7.03);
insert into dbo.OrdenDetalles values (564,1464,9008,14,15.6,2.81);
insert into dbo.OrdenDetalles values (565,1465,9004,1,30.64,5.52);
insert into dbo.OrdenDetalles values (566,1466,9004,17,21.93,3.95);
insert into dbo.OrdenDetalles values (567,1467,9009,13,24.95,4.49);
insert into dbo.OrdenDetalles values (568,1468,9007,1,43.21,7.78);
insert into dbo.OrdenDetalles values (569,1469,9009,1,16.37,2.95);
insert into dbo.OrdenDetalles values (570,1470,9004,2,32.7,5.89);
insert into dbo.OrdenDetalles values (571,1471,9002,13,17.27,3.11);
insert into dbo.OrdenDetalles values (572,1472,9009,10,28.5,5.13);
insert into dbo.OrdenDetalles values (573,1473,9006,18,16.84,3.03);
insert into dbo.OrdenDetalles values (574,1474,9001,9,12.57,2.26);
insert into dbo.OrdenDetalles values (575,1475,9002,1,33.44,6.02);
insert into dbo.OrdenDetalles values (576,1476,9005,9,20.5,3.69);
insert into dbo.OrdenDetalles values (577,1477,9004,11,26.91,4.84);
insert into dbo.OrdenDetalles values (578,1478,9004,14,35.67,6.42);
insert into dbo.OrdenDetalles values (579,1479,9002,1,15.48,2.79);
insert into dbo.OrdenDetalles values (580,1480,9004,3,43.38,7.81);
insert into dbo.OrdenDetalles values (581,1481,9007,16,26.21,4.72);
insert into dbo.OrdenDetalles values (582,1482,9010,7,37.6,6.77);
insert into dbo.OrdenDetalles values (583,1483,9010,17,29.49,5.31);
insert into dbo.OrdenDetalles values (584,1484,9006,16,30.88,5.56);
insert into dbo.OrdenDetalles values (585,1485,9010,4,12,2.16);
insert into dbo.OrdenDetalles values (586,1486,9004,1,38.31,6.9);
insert into dbo.OrdenDetalles values (587,1487,9003,17,14.64,2.64);
insert into dbo.OrdenDetalles values (588,1488,9003,10,35.26,6.35);
insert into dbo.OrdenDetalles values (589,1489,9002,3,32.67,5.88);
insert into dbo.OrdenDetalles values (590,1490,9003,15,36.22,6.52);
insert into dbo.OrdenDetalles values (591,1491,9002,19,23.83,4.29);
insert into dbo.OrdenDetalles values (592,1492,9009,1,36.48,6.57);
insert into dbo.OrdenDetalles values (593,1493,9007,12,11.01,1.98);
insert into dbo.OrdenDetalles values (594,1494,9007,2,37.06,6.67);
insert into dbo.OrdenDetalles values (595,1495,9007,9,27.46,4.94);
insert into dbo.OrdenDetalles values (596,1496,9009,19,14.3,2.57);
insert into dbo.OrdenDetalles values (597,1497,9006,10,44.09,7.94);
insert into dbo.OrdenDetalles values (598,1498,9007,10,18.28,3.29);
insert into dbo.OrdenDetalles values (599,1499,9010,12,13.48,2.43);
insert into dbo.OrdenDetalles values (600,1500,9009,1,10.94,1.97);
insert into dbo.OrdenDetalles values (601,1501,9002,16,35.84,6.45);
insert into dbo.OrdenDetalles values (602,1502,9001,7,24.27,4.37);
insert into dbo.OrdenDetalles values (603,1503,9006,3,35.37,6.37);
insert into dbo.OrdenDetalles values (604,1504,9003,3,29.45,5.3);
insert into dbo.OrdenDetalles values (605,1505,9005,17,28.69,5.16);
insert into dbo.OrdenDetalles values (606,1506,9002,7,33.23,5.98);
insert into dbo.OrdenDetalles values (607,1507,9002,18,14.09,2.54);
insert into dbo.OrdenDetalles values (608,1508,9003,5,19.47,3.5);
insert into dbo.OrdenDetalles values (609,1509,9008,2,42.38,7.63);
insert into dbo.OrdenDetalles values (610,1510,9007,6,24.58,4.42);
insert into dbo.OrdenDetalles values (611,1511,9010,3,23.46,4.22);
insert into dbo.OrdenDetalles values (612,1512,9002,20,23.24,4.18);
insert into dbo.OrdenDetalles values (613,1513,9010,10,31.95,5.75);
insert into dbo.OrdenDetalles values (614,1514,9002,14,37.57,6.76);
insert into dbo.OrdenDetalles values (615,1515,9004,8,18.42,3.32);
insert into dbo.OrdenDetalles values (616,1516,9004,15,19.04,3.43);
insert into dbo.OrdenDetalles values (617,1517,9008,3,18.65,3.36);
insert into dbo.OrdenDetalles values (618,1518,9006,10,11.25,2.03);
insert into dbo.OrdenDetalles values (619,1519,9001,4,32.67,5.88);
insert into dbo.OrdenDetalles values (620,1520,9002,8,44.24,7.96);
insert into dbo.OrdenDetalles values (621,1521,9005,7,28.29,5.09);
insert into dbo.OrdenDetalles values (622,1522,9008,10,31.99,5.76);
insert into dbo.OrdenDetalles values (623,1523,9008,6,18.89,3.4);
insert into dbo.OrdenDetalles values (624,1524,9004,4,20.19,3.63);
insert into dbo.OrdenDetalles values (625,1525,9001,3,10.6,1.91);
insert into dbo.OrdenDetalles values (626,1526,9001,16,22.76,4.1);
insert into dbo.OrdenDetalles values (627,1527,9006,8,38.59,6.95);
insert into dbo.OrdenDetalles values (628,1528,9005,6,40.22,7.24);
insert into dbo.OrdenDetalles values (629,1529,9009,2,25.22,4.54);
insert into dbo.OrdenDetalles values (630,1530,9002,8,24.45,4.4);
insert into dbo.OrdenDetalles values (631,1531,9001,16,32.51,5.85);
insert into dbo.OrdenDetalles values (632,1532,9007,15,15.95,2.87);
insert into dbo.OrdenDetalles values (633,1533,9010,1,17.05,3.07);
insert into dbo.OrdenDetalles values (634,1534,9009,4,34.16,6.15);
insert into dbo.OrdenDetalles values (635,1535,9002,1,32.7,5.89);
insert into dbo.OrdenDetalles values (636,1536,9001,17,26.07,4.69);
insert into dbo.OrdenDetalles values (637,1537,9010,4,42.43,7.64);
insert into dbo.OrdenDetalles values (638,1538,9006,7,39.48,7.11);
insert into dbo.OrdenDetalles values (639,1539,9002,13,12.5,2.25);
insert into dbo.OrdenDetalles values (640,1540,9004,9,41.99,7.56);
insert into dbo.OrdenDetalles values (641,1541,9005,8,35.25,6.35);
insert into dbo.OrdenDetalles values (642,1542,9003,18,20.26,3.65);
insert into dbo.OrdenDetalles values (643,1543,9001,17,35.56,6.4);
insert into dbo.OrdenDetalles values (644,1544,9008,11,38.81,6.99);
insert into dbo.OrdenDetalles values (645,1545,9003,19,42.28,7.61);
insert into dbo.OrdenDetalles values (646,1546,9008,1,18.85,3.39);
insert into dbo.OrdenDetalles values (647,1547,9010,8,31.21,5.62);
insert into dbo.OrdenDetalles values (648,1548,9006,12,43.45,7.82);
insert into dbo.OrdenDetalles values (649,1549,9004,3,44.83,8.07);
insert into dbo.OrdenDetalles values (650,1550,9007,8,44.32,7.98);
insert into dbo.OrdenDetalles values (651,1551,9007,10,23.8,4.28);
insert into dbo.OrdenDetalles values (652,1552,9004,13,44.31,7.98);
insert into dbo.OrdenDetalles values (653,1553,9005,10,37.18,6.69);
insert into dbo.OrdenDetalles values (654,1554,9005,8,20.37,3.67);
insert into dbo.OrdenDetalles values (655,1555,9006,18,19.63,3.53);
insert into dbo.OrdenDetalles values (656,1556,9009,9,32.74,5.89);
insert into dbo.OrdenDetalles values (657,1557,9010,1,38.99,7.02);
insert into dbo.OrdenDetalles values (658,1558,9002,20,20.66,3.72);
insert into dbo.OrdenDetalles values (659,1559,9008,4,39.15,7.05);
insert into dbo.OrdenDetalles values (660,1560,9003,7,16.16,2.91);
insert into dbo.OrdenDetalles values (661,1561,9004,15,12.19,2.19);
insert into dbo.OrdenDetalles values (662,1562,9006,6,40.85,7.35);
insert into dbo.OrdenDetalles values (663,1563,9008,11,17.19,3.09);
insert into dbo.OrdenDetalles values (664,1564,9004,5,15.36,2.76);
insert into dbo.OrdenDetalles values (665,1565,9005,8,23.99,4.32);
insert into dbo.OrdenDetalles values (666,1566,9010,6,44.83,8.07);
insert into dbo.OrdenDetalles values (667,1567,9008,3,38.91,7);
insert into dbo.OrdenDetalles values (668,1568,9010,19,21.96,3.95);
insert into dbo.OrdenDetalles values (669,1569,9010,17,12.19,2.19);
insert into dbo.OrdenDetalles values (670,1570,9007,2,41.37,7.45);
insert into dbo.OrdenDetalles values (671,1571,9005,7,31.02,5.58);
insert into dbo.OrdenDetalles values (672,1572,9010,18,44.06,7.93);
insert into dbo.OrdenDetalles values (673,1573,9006,1,28.11,5.06);
insert into dbo.OrdenDetalles values (674,1574,9010,1,42.05,7.57);
insert into dbo.OrdenDetalles values (675,1575,9010,17,24.82,4.47);
insert into dbo.OrdenDetalles values (676,1576,9005,3,40.8,7.34);
insert into dbo.OrdenDetalles values (677,1577,9003,19,35.08,6.31);
insert into dbo.OrdenDetalles values (678,1578,9008,11,36.66,6.6);
insert into dbo.OrdenDetalles values (679,1579,9004,13,37.82,6.81);
insert into dbo.OrdenDetalles values (680,1580,9001,17,14.54,2.62);
insert into dbo.OrdenDetalles values (681,1581,9010,10,26.81,4.83);
insert into dbo.OrdenDetalles values (682,1582,9004,6,10.95,1.97);
insert into dbo.OrdenDetalles values (683,1583,9005,19,18.43,3.32);
insert into dbo.OrdenDetalles values (684,1584,9007,4,36.52,6.57);
insert into dbo.OrdenDetalles values (685,1585,9004,14,20.41,3.67);
insert into dbo.OrdenDetalles values (686,1586,9002,3,12.58,2.26);
insert into dbo.OrdenDetalles values (687,1587,9007,20,23.49,4.23);
insert into dbo.OrdenDetalles values (688,1588,9008,4,12.85,2.31);
insert into dbo.OrdenDetalles values (689,1589,9002,7,26.74,4.81);
insert into dbo.OrdenDetalles values (690,1590,9010,1,22.09,3.98);
insert into dbo.OrdenDetalles values (691,1591,9008,14,11.16,2.01);
insert into dbo.OrdenDetalles values (692,1592,9004,3,34.32,6.18);
insert into dbo.OrdenDetalles values (693,1593,9002,5,19.78,3.56);
insert into dbo.OrdenDetalles values (694,1594,9005,4,32.92,5.93);
insert into dbo.OrdenDetalles values (695,1595,9008,14,29.61,5.33);
insert into dbo.OrdenDetalles values (696,1596,9006,17,39.24,7.06);
insert into dbo.OrdenDetalles values (697,1597,9004,1,30.31,5.46);
insert into dbo.OrdenDetalles values (698,1598,9003,16,24.82,4.47);
insert into dbo.OrdenDetalles values (699,1599,9008,14,39.56,7.12);
insert into dbo.OrdenDetalles values (700,1600,9006,16,20.81,3.75);
insert into dbo.OrdenDetalles values (701,1601,9003,3,14.81,2.67);
insert into dbo.OrdenDetalles values (702,1602,9010,9,41.51,7.47);
insert into dbo.OrdenDetalles values (703,1603,9008,20,43.25,7.79);
insert into dbo.OrdenDetalles values (704,1604,9007,8,17.6,3.17);
insert into dbo.OrdenDetalles values (705,1605,9008,11,33.11,5.96);
insert into dbo.OrdenDetalles values (706,1606,9006,9,15,2.7);
insert into dbo.OrdenDetalles values (707,1607,9003,9,25.3,4.55);
insert into dbo.OrdenDetalles values (708,1608,9004,1,29.7,5.35);
insert into dbo.OrdenDetalles values (709,1609,9008,9,21.9,3.94);
insert into dbo.OrdenDetalles values (710,1610,9007,20,43.4,7.81);
insert into dbo.OrdenDetalles values (711,1611,9010,12,28.32,5.1);
insert into dbo.OrdenDetalles values (712,1612,9007,14,26.86,4.83);
insert into dbo.OrdenDetalles values (713,1613,9003,20,16.45,2.96);
insert into dbo.OrdenDetalles values (714,1614,9006,17,16.7,3.01);
insert into dbo.OrdenDetalles values (715,1615,9003,7,38.53,6.94);
insert into dbo.OrdenDetalles values (716,1616,9008,13,44.27,7.97);
insert into dbo.OrdenDetalles values (717,1617,9002,1,11.13,2);
insert into dbo.OrdenDetalles values (718,1618,9009,1,12.39,2.23);
insert into dbo.OrdenDetalles values (719,1619,9004,12,40.58,7.3);
insert into dbo.OrdenDetalles values (720,1620,9007,14,35.02,6.3);
insert into dbo.OrdenDetalles values (721,1621,9007,4,12.46,2.24);
insert into dbo.OrdenDetalles values (722,1622,9001,20,16.55,2.98);
insert into dbo.OrdenDetalles values (723,1623,9006,14,30.81,5.55);
insert into dbo.OrdenDetalles values (724,1624,9002,19,42.14,7.59);
insert into dbo.OrdenDetalles values (725,1625,9010,7,12.68,2.28);
insert into dbo.OrdenDetalles values (726,1626,9009,12,25.86,4.65);
insert into dbo.OrdenDetalles values (727,1627,9010,14,30.78,5.54);
insert into dbo.OrdenDetalles values (728,1628,9007,4,15.23,2.74);
insert into dbo.OrdenDetalles values (729,1629,9002,12,40.03,7.21);
insert into dbo.OrdenDetalles values (730,1630,9009,17,32.61,5.87);
insert into dbo.OrdenDetalles values (731,1631,9001,2,27.66,4.98);
insert into dbo.OrdenDetalles values (732,1632,9009,12,40.12,7.22);
insert into dbo.OrdenDetalles values (733,1633,9004,3,39.11,7.04);
insert into dbo.OrdenDetalles values (734,1634,9007,12,20.83,3.75);
insert into dbo.OrdenDetalles values (735,1635,9001,4,33.77,6.08);
insert into dbo.OrdenDetalles values (736,1636,9002,9,27.4,4.93);
insert into dbo.OrdenDetalles values (737,1637,9006,6,35.34,6.36);
insert into dbo.OrdenDetalles values (738,1638,9006,2,13.24,2.38);
insert into dbo.OrdenDetalles values (739,1639,9010,11,44.87,8.08);
insert into dbo.OrdenDetalles values (740,1640,9001,12,23.5,4.23);
insert into dbo.OrdenDetalles values (741,1641,9004,2,13.38,2.41);
insert into dbo.OrdenDetalles values (742,1642,9005,17,19.57,3.52);
insert into dbo.OrdenDetalles values (743,1643,9001,8,24.91,4.48);
insert into dbo.OrdenDetalles values (744,1644,9003,15,34.9,6.28);
insert into dbo.OrdenDetalles values (745,1645,9010,19,31.78,5.72);
insert into dbo.OrdenDetalles values (746,1646,9004,16,42.51,7.65);
insert into dbo.OrdenDetalles values (747,1647,9008,20,37.29,6.71);
insert into dbo.OrdenDetalles values (748,1648,9005,20,44.71,8.05);
insert into dbo.OrdenDetalles values (749,1649,9007,2,42.88,7.72);
insert into dbo.OrdenDetalles values (750,1650,9010,17,11.67,2.1);
insert into dbo.OrdenDetalles values (751,1651,9003,16,13.19,2.37);
insert into dbo.OrdenDetalles values (752,1652,9010,6,17.28,3.11);
insert into dbo.OrdenDetalles values (753,1653,9002,13,12.31,2.22);
insert into dbo.OrdenDetalles values (754,1654,9003,8,27.81,5.01);
insert into dbo.OrdenDetalles values (755,1655,9004,9,32.78,5.9);
insert into dbo.OrdenDetalles values (756,1656,9001,14,28.8,5.18);
insert into dbo.OrdenDetalles values (757,1657,9008,11,32.18,5.79);
insert into dbo.OrdenDetalles values (758,1658,9008,16,30.75,5.54);
insert into dbo.OrdenDetalles values (759,1659,9003,4,25.19,4.53);
insert into dbo.OrdenDetalles values (760,1660,9001,6,34.43,6.2);
insert into dbo.OrdenDetalles values (761,1661,9002,14,17.98,3.24);
insert into dbo.OrdenDetalles values (762,1662,9008,2,18.24,3.28);
insert into dbo.OrdenDetalles values (763,1663,9001,8,30.41,5.47);
insert into dbo.OrdenDetalles values (764,1664,9007,5,25.71,4.63);
insert into dbo.OrdenDetalles values (765,1665,9005,18,39.78,7.16);
insert into dbo.OrdenDetalles values (766,1666,9002,7,26.71,4.81);
insert into dbo.OrdenDetalles values (767,1667,9001,10,14.21,2.56);
insert into dbo.OrdenDetalles values (768,1668,9006,13,33.87,6.1);
insert into dbo.OrdenDetalles values (769,1669,9007,5,13.96,2.51);
insert into dbo.OrdenDetalles values (770,1670,9008,19,38.52,6.93);
insert into dbo.OrdenDetalles values (771,1671,9009,7,40.23,7.24);
insert into dbo.OrdenDetalles values (772,1672,9002,14,42.33,7.62);
insert into dbo.OrdenDetalles values (773,1673,9002,20,23.49,4.23);
insert into dbo.OrdenDetalles values (774,1674,9005,10,32.46,5.84);
insert into dbo.OrdenDetalles values (775,1675,9007,2,16.62,2.99);
insert into dbo.OrdenDetalles values (776,1676,9008,3,24.42,4.4);
insert into dbo.OrdenDetalles values (777,1677,9008,3,12.74,2.29);
insert into dbo.OrdenDetalles values (778,1678,9004,10,38.85,6.99);
insert into dbo.OrdenDetalles values (779,1679,9002,12,41.76,7.52);
insert into dbo.OrdenDetalles values (780,1680,9003,8,22.82,4.11);
insert into dbo.OrdenDetalles values (781,1681,9005,2,35.87,6.46);
insert into dbo.OrdenDetalles values (782,1682,9006,9,29.18,5.25);
insert into dbo.OrdenDetalles values (783,1683,9009,12,38.43,6.92);
insert into dbo.OrdenDetalles values (784,1684,9001,10,25.13,4.52);
insert into dbo.OrdenDetalles values (785,1685,9008,5,38.36,6.9);
insert into dbo.OrdenDetalles values (786,1686,9004,1,28.45,5.12);
insert into dbo.OrdenDetalles values (787,1687,9010,11,42.58,7.66);
insert into dbo.OrdenDetalles values (788,1688,9003,16,12.46,2.24);
insert into dbo.OrdenDetalles values (789,1689,9005,4,32.77,5.9);
insert into dbo.OrdenDetalles values (790,1690,9007,20,34.45,6.2);
insert into dbo.OrdenDetalles values (791,1691,9009,12,44.48,8.01);
insert into dbo.OrdenDetalles values (792,1692,9007,3,14.59,2.63);
insert into dbo.OrdenDetalles values (793,1693,9004,9,44.77,8.06);
insert into dbo.OrdenDetalles values (794,1694,9010,4,14.66,2.64);
insert into dbo.OrdenDetalles values (795,1695,9004,5,23.06,4.15);
insert into dbo.OrdenDetalles values (796,1696,9002,11,29.54,5.32);
insert into dbo.OrdenDetalles values (797,1697,9010,20,30.81,5.55);
insert into dbo.OrdenDetalles values (798,1698,9007,9,34.71,6.25);
insert into dbo.OrdenDetalles values (799,1699,9007,1,22.69,4.08);
insert into dbo.OrdenDetalles values (800,1700,9007,6,43.18,7.77);
insert into dbo.OrdenDetalles values (801,1701,9006,9,42.19,7.59);
insert into dbo.OrdenDetalles values (802,1702,9007,4,24.39,4.39);
insert into dbo.OrdenDetalles values (803,1703,9007,13,40.39,7.27);
insert into dbo.OrdenDetalles values (804,1704,9002,1,16.52,2.97);
insert into dbo.OrdenDetalles values (805,1705,9004,11,17.59,3.17);
insert into dbo.OrdenDetalles values (806,1706,9004,12,36.28,6.53);
insert into dbo.OrdenDetalles values (807,1707,9006,18,39.51,7.11);
insert into dbo.OrdenDetalles values (808,1708,9004,14,28.31,5.1);
insert into dbo.OrdenDetalles values (809,1709,9002,15,24.92,4.49);
insert into dbo.OrdenDetalles values (810,1710,9010,9,39.35,7.08);
insert into dbo.OrdenDetalles values (811,1711,9005,12,24.25,4.37);
insert into dbo.OrdenDetalles values (812,1712,9006,1,43.64,7.86);
insert into dbo.OrdenDetalles values (813,1713,9008,2,15.8,2.84);
insert into dbo.OrdenDetalles values (814,1714,9009,17,19.58,3.52);
insert into dbo.OrdenDetalles values (815,1715,9010,5,44.42,8);
insert into dbo.OrdenDetalles values (816,1716,9010,2,23.52,4.23);
insert into dbo.OrdenDetalles values (817,1717,9003,19,30.26,5.45);
insert into dbo.OrdenDetalles values (818,1718,9010,20,25.89,4.66);
insert into dbo.OrdenDetalles values (819,1719,9007,2,29.22,5.26);
insert into dbo.OrdenDetalles values (820,1720,9007,7,18.28,3.29);
insert into dbo.OrdenDetalles values (821,1721,9004,1,11.34,2.04);
insert into dbo.OrdenDetalles values (822,1722,9005,3,44.7,8.05);
insert into dbo.OrdenDetalles values (823,1723,9003,12,37.01,6.66);
insert into dbo.OrdenDetalles values (824,1724,9009,17,26.48,4.77);
insert into dbo.OrdenDetalles values (825,1725,9001,13,19.91,3.58);
insert into dbo.OrdenDetalles values (826,1726,9008,18,23.81,4.29);
insert into dbo.OrdenDetalles values (827,1727,9009,7,17.58,3.16);
insert into dbo.OrdenDetalles values (828,1728,9005,20,32.58,5.86);
insert into dbo.OrdenDetalles values (829,1729,9006,10,12.13,2.18);
insert into dbo.OrdenDetalles values (830,1730,9006,6,39.57,7.12);
insert into dbo.OrdenDetalles values (831,1731,9002,10,36.57,6.58);
insert into dbo.OrdenDetalles values (832,1732,9002,10,36.27,6.53);
insert into dbo.OrdenDetalles values (833,1733,9005,18,35.52,6.39);
insert into dbo.OrdenDetalles values (834,1734,9010,10,28.42,5.12);
insert into dbo.OrdenDetalles values (835,1735,9002,5,36.1,6.5);
insert into dbo.OrdenDetalles values (836,1736,9008,18,32.27,5.81);
insert into dbo.OrdenDetalles values (837,1737,9009,11,13.38,2.41);
insert into dbo.OrdenDetalles values (838,1738,9009,8,20.14,3.63);
insert into dbo.OrdenDetalles values (839,1739,9005,16,15.94,2.87);
insert into dbo.OrdenDetalles values (840,1740,9002,1,33.33,6);
insert into dbo.OrdenDetalles values (841,1741,9010,9,30.6,5.51);
insert into dbo.OrdenDetalles values (842,1742,9007,9,27.58,4.96);
insert into dbo.OrdenDetalles values (843,1743,9002,12,38.21,6.88);
insert into dbo.OrdenDetalles values (844,1744,9001,13,23.14,4.17);
insert into dbo.OrdenDetalles values (845,1745,9003,1,28.59,5.15);
insert into dbo.OrdenDetalles values (846,1746,9009,2,22.19,3.99);
insert into dbo.OrdenDetalles values (847,1747,9004,5,21.52,3.87);
insert into dbo.OrdenDetalles values (848,1748,9001,14,39.25,7.07);
insert into dbo.OrdenDetalles values (849,1749,9001,18,29.64,5.34);
insert into dbo.OrdenDetalles values (850,1750,9003,11,26.18,4.71);
insert into dbo.OrdenDetalles values (851,1751,9006,7,44.64,8.04);
insert into dbo.OrdenDetalles values (852,1752,9010,6,15.27,2.75);
insert into dbo.OrdenDetalles values (853,1753,9003,15,12.93,2.33);
insert into dbo.OrdenDetalles values (854,1754,9008,9,13.4,2.41);
insert into dbo.OrdenDetalles values (855,1755,9004,5,32.35,5.82);
insert into dbo.OrdenDetalles values (856,1756,9005,8,31.41,5.65);
insert into dbo.OrdenDetalles values (857,1757,9005,20,26.88,4.84);
insert into dbo.OrdenDetalles values (858,1758,9009,1,40.65,7.32);
insert into dbo.OrdenDetalles values (859,1759,9005,10,28.79,5.18);
insert into dbo.OrdenDetalles values (860,1760,9007,3,40.69,7.32);
insert into dbo.OrdenDetalles values (861,1761,9003,15,22.63,4.07);
insert into dbo.OrdenDetalles values (862,1762,9002,4,24.81,4.47);
insert into dbo.OrdenDetalles values (863,1763,9009,4,34.58,6.22);
insert into dbo.OrdenDetalles values (864,1764,9005,7,39.84,7.17);
insert into dbo.OrdenDetalles values (865,1765,9006,9,41.55,7.48);
insert into dbo.OrdenDetalles values (866,1766,9001,3,19.57,3.52);
insert into dbo.OrdenDetalles values (867,1767,9007,7,38.33,6.9);
insert into dbo.OrdenDetalles values (868,1768,9005,4,40.4,7.27);
insert into dbo.OrdenDetalles values (869,1769,9008,14,35.86,6.45);
insert into dbo.OrdenDetalles values (870,1770,9006,2,37.89,6.82);
insert into dbo.OrdenDetalles values (871,1771,9001,18,39.47,7.1);
insert into dbo.OrdenDetalles values (872,1772,9009,11,14.63,2.63);
insert into dbo.OrdenDetalles values (873,1773,9006,12,24.68,4.44);
insert into dbo.OrdenDetalles values (874,1774,9009,2,24.35,4.38);
insert into dbo.OrdenDetalles values (875,1775,9005,9,31.43,5.66);
insert into dbo.OrdenDetalles values (876,1776,9004,2,35.58,6.4);
insert into dbo.OrdenDetalles values (877,1777,9003,4,43.44,7.82);
insert into dbo.OrdenDetalles values (878,1778,9006,9,33.45,6.02);
insert into dbo.OrdenDetalles values (879,1779,9010,5,20.08,3.61);
insert into dbo.OrdenDetalles values (880,1780,9009,10,15.12,2.72);
insert into dbo.OrdenDetalles values (881,1781,9007,10,35.83,6.45);
insert into dbo.OrdenDetalles values (882,1782,9002,3,21.15,3.81);
insert into dbo.OrdenDetalles values (883,1783,9006,19,21.34,3.84);
insert into dbo.OrdenDetalles values (884,1784,9002,20,33.37,6.01);
